CDR3.alpha.aa,CDR3.beta.aa,Species,Category,Pathology,Pathology.Mesh.ID,Additional.study.details,Antigen.identification.method,NGS,Antigen.protein,Protein.ID,Epitope.peptide,Epitope.ID,MHC,Tissue,T.Cell.Type,T.cell.characteristics,CDR3.alpha.nt,TRAV,TRAJ,TRBV,TRBD,TRBJ,Reconstructed.J.annotation,CDR3.beta.nt,Mouse.strain,PubMed.ID,Remarks
NA,CASSDAGANTEVF,Mouse,Pathogens,Lymphocytic choriomeningitis virus (LCMV),D008217,NA,2.1,No,Pre-glycoprotein polyprotein GP complex,P09991,IKAVYNFATCG,26751,H-2db,NA,CD8,NA,NA,NA,NA,TRBV8-01,NA,TRBJ1-1,No,NA,P14,1716213,NA
NA,CASSDAGAYAEQF,Mouse,Pathogens,Lymphocytic choriomeningitis virus (LCMV),D008217,NA,2.1,No,Pre-glycoprotein polyprotein GP complex,P09991,IKAVYNFATCG,26751,H-2db,NA,CD8,NA,NA,NA,NA,TRBV8-01,NA,TRBJ2-1,No,NA,P14,1716213,NA
NA,CASSDAGGAAEVF,Mouse,Pathogens,Lymphocytic choriomeningitis virus (LCMV),D008217,NA,2.1,No,Pre-glycoprotein polyprotein GP complex,P09991,IKAVYNFATCG,26751,H-2db,NA,CD8,NA,NA,NA,NA,TRBV8-03,NA,TRBJ1-1,No,NA,P14,1716213,NA
NA,CASSDAGHSPLYF,Mouse,Pathogens,Lymphocytic choriomeningitis virus (LCMV),D008217,NA,2.1,No,Pre-glycoprotein polyprotein GP complex,P09991,IKAVYNFATCG,26751,H-2db,NA,CD8,NA,NA,NA,NA,TRBV8-01,NA,TRBJ1-6,No,NA,P14,1716213,NA
NA,CASSDAWGGAEQYF,Mouse,Pathogens,Lymphocytic choriomeningitis virus (LCMV),D008217,NA,2.1,No,Pre-glycoprotein polyprotein GP complex,P09991,IKAVYNFATCG,26751,H-2db,NA,CD8,NA,NA,NA,NA,TRBV8-03,NA,TRBJ2-6,No,NA,P14,1716213,NA
NA,CASSDGANTEVF,Mouse,Pathogens,Lymphocytic choriomeningitis virus (LCMV),D008217,NA,2.1,No,Pre-glycoprotein polyprotein GP complex,P09991,IKAVYNFATCG,26751,H-2db,NA,CD8,NA,NA,NA,NA,TRBV8-01,NA,TRBJ1-1,No,NA,P14,1716213,NA
NA,CASSDNANSDYTF,Mouse,Pathogens,Lymphocytic choriomeningitis virus (LCMV),D008217,NA,2.1,No,Pre-glycoprotein polyprotein GP complex,P09991,IKAVYNFATCG,26751,H-2db,NA,CD8,NA,NA,NA,NA,TRBV8-01,NA,TRBJ1-2,No,NA,P14,1716213,NA
NA,CASSDQANTEVF,Mouse,Pathogens,Lymphocytic choriomeningitis virus (LCMV),D008217,NA,2.1,No,Pre-glycoprotein polyprotein GP complex,P09991,IKAVYNFATCG,26751,H-2db,NA,CD8,NA,NA,NA,NA,TRBV8-01,NA,TRBJ1-1,No,NA,P14,1716213,NA
NA,CASSDQANTEVF,Mouse,Pathogens,Lymphocytic choriomeningitis virus (LCMV),D008217,NA,2.1,No,Pre-glycoprotein polyprotein GP complex,P09991,IKAVYNFATCG,26751,H-2db,NA,CD8,NA,NA,NA,NA,TRBV8-03,NA,TRBJ1-1,No,NA,P14,1716213,NA
NA,CASSDSANTEVF,Mouse,Pathogens,Lymphocytic choriomeningitis virus (LCMV),D008217,NA,2.1,No,Pre-glycoprotein polyprotein GP complex,P09991,IKAVYNFATCG,26751,H-2db,NA,CD8,NA,NA,NA,NA,TRBV8-01,NA,TRBJ1-1,No,NA,P14,1716213,NA
NA,CASSDSLNTEVF,Mouse,Pathogens,Lymphocytic choriomeningitis virus (LCMV),D008217,NA,2.1,No,Pre-glycoprotein polyprotein GP complex,P09991,IKAVYNFATCG,26751,H-2db,NA,CD8,NA,NA,NA,NA,TRBV8-03,NA,TRBJ1-1,No,NA,P14,1716213,NA
NA,CASSDVGGRAEQF,Mouse,Pathogens,Lymphocytic choriomeningitis virus (LCMV),D008217,NA,2.1,No,Pre-glycoprotein polyprotein GP complex,P09991,IKAVYNFATCG,26751,H-2db,NA,CD8,NA,NA,NA,NA,TRBV8-01,NA,TRBJ2-1,No,NA,P14,1716213,NA
NA,CASSGPGGAETLYF,Mouse,Pathogens,Lymphocytic choriomeningitis virus (LCMV),D008217,NA,2.1,No,Pre-glycoprotein polyprotein GP complex,P09991,IKAVYNFATCG,26751,H-2db,NA,CD8,NA,NA,NA,NA,TRBV8-01,NA,TRBJ2-3,No,NA,P14,1716213,NA
NA,CASTEVGGGQNTLYF,Mouse,Pathogens,Lymphocytic choriomeningitis virus (LCMV),D008217,NA,2.1,No,Pre-glycoprotein polyprotein GP complex,P09991,IKAVYNFATCG,26751,H-2db,NA,CD8,NA,NA,NA,NA,TRBV8-01,NA,TRBJ2-4,No,NA,P14,1716213,NA
CILRAGYQNFYF,CASGDGNQAPLF,Mouse,Pathogens,Plasmodium berghei,D010962,Malaria vaccine,2.1,No,Circumsporozoite protein,P06914,SYIPSAEKI,62604,H-2Kd,Spleen,CD8,NA,NA,NA,NA,TRBV8-02,NA,TRBJ1-5,No,NA,BALB/c,1836010,NA
CILRAGYQNFYF,CASGDGNQAPLF,Mouse,Pathogens,Plasmodium berghei,D010962,Malaria vaccine,2.1,No,Circumsporozoite protein,P06914,SYIPSAEKI,62604,H-2Kd,Spleen,CD8,NA,NA,NA,NA,TRBV13-02,NA,TRBJ1-5,No,NA,BALB/c,1836010,NA
CALSDGEHGLQTYF,CASGGTGGANTGQLYF,Mouse,Pathogens,Plasmodium berghei,D010962,Malaria vaccine,2.1,No,Circumsporozoite protein,P06914,SYIPSAEKI,62604,H-2Kd,Spleen,CD8,NA,NA,NA,NA,TRBV8-02,NA,TRBJ2-2,No,NA,BALB/c,1836010,NA
CALSDGEHGLQTYF,CASGGTGGANTGQLYF,Mouse,Pathogens,Plasmodium berghei,D010962,Malaria vaccine,2.1,No,Circumsporozoite protein,P06914,SYIPSAEKI,62604,H-2Kd,Spleen,CD8,NA,NA,NA,NA,TRBV13-02,NA,TRBJ2-2,No,NA,BALB/c,1836010,NA
NA,CASIGTGGTGQLYF,Mouse,Pathogens,Plasmodium berghei,D010962,Malaria vaccine,2.1,No,Circumsporozoite protein,P06914,SYIPSAEKI,62604,H-2Kd,Spleen,CD8,NA,NA,NA,NA,TRBV6,NA,TRBJ2-2,No,NA,BALB/c,1836010,NA
CALSDQGGADRLTF,CASIPTANTGQLYF,Mouse,Pathogens,Plasmodium berghei,D010962,Malaria vaccine,2.1,No,Circumsporozoite protein,P06914,SYIPSAEKI,62604,H-2Kd,Spleen,CD8,NA,NA,NA,NA,TRBV6,NA,TRBJ2-2,No,NA,BALB/c,1836010,NA
CAGNQGGSAKLIF,CASRDRGRTNERLF,Mouse,Pathogens,Plasmodium berghei,D010962,Malaria vaccine,2.1,No,Circumsporozoite protein,P06914,SYIPSAEKI,62604,H-2Kd,Spleen,CD8,NA,NA,NA,NA,TRBV13,NA,TRBJ1-4,No,NA,BALB/c,1836010,NA
CAVSAYANKMIF,CASRPGQPYEQYF,Mouse,Pathogens,Plasmodium berghei,D010962,Malaria vaccine,2.1,No,Circumsporozoite protein,P06914,SYIPSAEKI,62604,H-2Kd,Spleen,CD8,NA,NA,NA,NA,TRBV8-01,NA,TRBJ2-7,No,NA,BALB/c,1836010,NA
CAVSAYANKMIF,CASRPGQPYEQYF,Mouse,Pathogens,Plasmodium berghei,D010962,Malaria vaccine,2.1,No,Circumsporozoite protein,P06914,SYIPSAEKI,62604,H-2Kd,Spleen,CD8,NA,NA,NA,NA,TRBV13-03,NA,TRBJ2-7,No,NA,BALB/c,1836010,NA
CAGTGNTGKLIF,CASRRQGGTEVF,Mouse,Pathogens,Plasmodium berghei,D010962,Malaria vaccine,2.1,No,Circumsporozoite protein,P06914,SYIPSAEKI,62604,H-2Kd,Spleen,CD8,NA,NA,NA,NA,TRBV13,NA,TRBJ1-1,No,NA,BALB/c,1836010,NA
CALVNYNVLYF,CASSDEGVGENTLF,Mouse,Pathogens,Plasmodium berghei,D010962,Malaria vaccine,2.1,No,Circumsporozoite protein,P06914,SYIPSAEKI,62604,H-2Kd,Spleen,CD8,NA,NA,NA,NA,TRBV8-01,NA,TRBJ2-4,No,NA,BALB/c,1836010,NA
CALVNYNVLYF,CASSDEGVGENTLF,Mouse,Pathogens,Plasmodium berghei,D010962,Malaria vaccine,2.1,No,Circumsporozoite protein,P06914,SYIPSAEKI,62604,H-2Kd,Spleen,CD8,NA,NA,NA,NA,TRBV13-03,NA,TRBJ2-4,No,NA,BALB/c,1836010,"No first Cysteine, No final F"
CALSDPSNYNVLYF,CASSDSQGTEVF,Mouse,Pathogens,Plasmodium berghei,D010962,Malaria vaccine,2.1,No,Circumsporozoite protein,P06914,SYIPSAEKI,62604,H-2Kd,Spleen,CD8,NA,NA,NA,NA,TRBV8-01,NA,TRBJ1-1,No,NA,BALB/c,1836010,NA
CALSDPSNYNVLYF,CASSDSQGTEVF,Mouse,Pathogens,Plasmodium berghei,D010962,Malaria vaccine,2.1,No,Circumsporozoite protein,P06914,SYIPSAEKI,62604,H-2Kd,Spleen,CD8,NA,NA,NA,NA,TRBV13-03,NA,TRBJ1-1,No,NA,BALB/c,1836010,No first Cysteine
CAAGITF,CASSFRDRGNYAEQF,Mouse,Pathogens,Plasmodium berghei,D010962,Malaria vaccine,2.1,No,Circumsporozoite protein,P06914,SYIPSAEKI,62604,H-2Kd,Spleen,CD8,NA,NA,NA,NA,TRBV13,NA,TRBJ2-1,No,NA,BALB/c,1836010,NA
CALDQTGFASALTF,CASSFRGGQDTQYF,Mouse,Pathogens,Plasmodium berghei,D010962,Malaria vaccine,2.1,No,Circumsporozoite protein,P06914,SYIPSAEKI,62604,H-2Kd,Spleen,CD8,NA,NA,NA,NA,TRBV13,NA,TRBJ2-5,No,NA,BALB/c,1836010,NA
CALSITGNTRKLIF,CASSFRGGQDTQYF,Mouse,Pathogens,Plasmodium berghei,D010962,Malaria vaccine,2.1,No,Circumsporozoite protein,P06914,SYIPSAEKI,62604,H-2Kd,Spleen,CD8,NA,NA,NA,NA,TRBV13,NA,TRBJ2-5,No,NA,BALB/c,1836010,NA
CVSNSGTYQRF,CASSLGQGAFNYAEQF,Mouse,Pathogens,Plasmodium berghei,D010962,Malaria vaccine,2.1,No,Circumsporozoite protein,P06914,SYIPSAEKI,62604,H-2Kd,Spleen,CD8,NA,NA,NA,NA,TRBV13,NA,TRBJ2-1,No,NA,BALB/c,1836010,NA
CAASYGGSGNKLIF,CASSPGQGLTGQLYF,Mouse,Pathogens,Plasmodium berghei,D010962,Malaria vaccine,2.1,No,Circumsporozoite protein,P06914,SYIPSAEKI,62604,H-2Kd,Spleen,CD8,NA,NA,NA,NA,TRBV13,NA,TRBJ2-2,No,NA,BALB/c,1836010,NA
NA,CASSPPQGNQDTQYF,Mouse,Pathogens,Plasmodium berghei,D010962,Malaria vaccine,2.1,No,Circumsporozoite protein,P06914,SYIPSAEKI,62604,H-2Kd,Spleen,CD8,NA,NA,NA,NA,TRBV13,NA,TRBJ2-5,No,NA,BALB/c,1836010,NA
CALWELAGGSDLRESCNF,CASSPPQVANTEVF,Mouse,Pathogens,Plasmodium berghei,D010962,Malaria vaccine,2.1,No,Circumsporozoite protein,P06914,SYIPSAEKI,62604,H-2Kd,Spleen,CD8,NA,NA,NA,NA,TRBV13,NA,TRBJ1-1,No,NA,BALB/c,1836010,NA
CAASANSGTYQRF,CASSPPQVANTEVF,Mouse,Pathogens,Plasmodium berghei,D010962,Malaria vaccine,2.1,No,Circumsporozoite protein,P06914,SYIPSAEKI,62604,H-2Kd,Spleen,CD8,NA,NA,NA,NA,TRBV13,NA,TRBJ1-1,No,NA,BALB/c,1836010,NA
CALSHGTYQRF,CASSPTGKSNTEVF,Mouse,Pathogens,Plasmodium berghei,D010962,Malaria vaccine,2.1,No,Circumsporozoite protein,P06914,SYIPSAEKI,62604,H-2Kd,Spleen,CD8,NA,NA,NA,NA,TRBV13,NA,TRBJ1-1,No,NA,BALB/c,1836010,NA
CALGEGSNAKLTF,CASSPTGRNTEVF,Mouse,Pathogens,Plasmodium berghei,D010962,Malaria vaccine,2.1,No,Circumsporozoite protein,P06914,SYIPSAEKI,62604,H-2Kd,Spleen,CD8,NA,NA,NA,NA,TRBV13,NA,TRBJ1-1,No,NA,BALB/c,1836010,NA
CAVSMNEYRGADRLTF,CASSPTGRNTEVF,Mouse,Pathogens,Plasmodium berghei,D010962,Malaria vaccine,2.1,No,Circumsporozoite protein,P06914,SYIPSAEKI,62604,H-2Kd,Spleen,CD8,NA,NA,NA,NA,TRBV13,NA,TRBJ1-1,No,NA,BALB/c,1836010,NA
CALGAQGGRALIF,CASSRLGASYEQYF,Mouse,Pathogens,Plasmodium berghei,D010962,Malaria vaccine,2.1,No,Circumsporozoite protein,P06914,SYIPSAEKI,62604,H-2Kd,Spleen,CD8,NA,NA,NA,NA,TRBV13,NA,TRBJ2-7,No,NA,BALB/c,1836010,NA
CADNNRIFF,CASSRRDRDQAPLF,Mouse,Pathogens,Plasmodium berghei,D010962,Malaria vaccine,2.1,No,Circumsporozoite protein,P06914,SYIPSAEKI,62604,H-2Kd,Spleen,CD8,NA,NA,NA,NA,TRBV13,NA,TRBJ1-5,No,NA,BALB/c,1836010,NA
CARGTNTGKLTF,CASSSARGDQYF,Mouse,Pathogens,Plasmodium berghei,D010962,Malaria vaccine,2.1,No,Circumsporozoite protein,P06914,SYIPSAEKI,62604,H-2Kd,Spleen,CD8,NA,NA,NA,NA,TRBV13,NA,TRBJ2-5,No,NA,BALB/c,1836010,NA
CALGDRYGGSGNKLIF,CASSSASAETLYF,Mouse,Pathogens,Plasmodium berghei,D010962,Malaria vaccine,2.1,No,Circumsporozoite protein,P06914,SYIPSAEKI,62604,H-2Kd,Spleen,CD8,NA,NA,NA,NA,TRBV13,NA,TRBJ2-3,No,NA,BALB/c,1836010,NA
CLWELGTGSKLSF,CASSSPQGSNERLF,Mouse,Pathogens,Plasmodium berghei,D010962,Malaria vaccine,2.1,No,Circumsporozoite protein,P06914,SYIPSAEKI,62604,H-2Kd,Spleen,CD8,NA,NA,NA,NA,TRBV13,NA,TRBJ1-4,No,NA,BALB/c,1836010,NA
CALSGGSALGRLHFG,CASSSRYEQYF,Mouse,Pathogens,Plasmodium berghei,D010962,Malaria vaccine,2.1,No,Circumsporozoite protein,P06914,SYIPSAEKI,62604,H-2Kd,Spleen,CD8,NA,NA,NA,NA,TRBV7,NA,TRBJ2-7,No,NA,BALB/c,1836010,NA
CALGLLGDNSKLIW,CASSVTGSNTEVF,Mouse,Pathogens,Plasmodium berghei,D010962,Malaria vaccine,2.1,No,Circumsporozoite protein,P06914,SYIPSAEKI,62604,H-2Kd,Spleen,CD8,NA,NA,NA,NA,TRBV8-01,NA,TRBJ1-1,No,NA,BALB/c,1836010,NA
CALGLLGDNSKLIW,CASSVTGSNTEVF,Mouse,Pathogens,Plasmodium berghei,D010962,Malaria vaccine,2.1,No,Circumsporozoite protein,P06914,SYIPSAEKI,62604,H-2Kd,Spleen,CD8,NA,NA,NA,NA,TRBV13-03,NA,TRBJ1-1,No,NA,BALB/c,1836010,"No first Cysteine, No final F"
CALSETGGADRLTF,CASTPTGTNNQALF,Mouse,Pathogens,Plasmodium berghei,D010962,Malaria vaccine,2.1,No,Circumsporozoite protein,P06914,SYIPSAEKI,62604,H-2Kd,Spleen,CD8,NA,NA,NA,NA,TRBV6,NA,TRBJ1-5,No,NA,BALB/c,1836010,NA
CALSGSNQGGSAKLIF,CAWGTGGFAEQF,Mouse,Pathogens,Plasmodium berghei,D010962,Malaria vaccine,2.1,No,Circumsporozoite protein,P06914,SYIPSAEKI,62604,H-2Kd,Spleen,CD8,NA,NA,NA,NA,TRBV14,NA,TRBJ2-1,No,NA,BALB/c,1836010,NA
CALSGSNQGGSAKLIF,CAWGTGGFAEQF,Mouse,Pathogens,Plasmodium berghei,D010962,Malaria vaccine,2.1,No,Circumsporozoite protein,P06914,SYIPSAEKI,62604,H-2Kd,Spleen,CD8,NA,NA,NA,NA,TRBV31,NA,TRBJ2-1,No,NA,BALB/c,1836010,No final F
CALNGGSALGRLHF,CAWSKGARGQNTLYF,Mouse,Pathogens,Plasmodium berghei,D010962,Malaria vaccine,2.1,No,Circumsporozoite protein,P06914,SYIPSAEKI,62604,H-2Kd,Spleen,CD8,NA,NA,NA,NA,TRBV14,NA,TRBJ2-4,No,NA,BALB/c,1836010,NA
CALNGGSALGRLHF,CAWSKGARGQNTLYF,Mouse,Pathogens,Plasmodium berghei,D010962,Malaria vaccine,2.1,No,Circumsporozoite protein,P06914,SYIPSAEKI,62604,H-2Kd,Spleen,CD8,NA,NA,NA,NA,TRBV31,NA,TRBJ2-4,No,NA,BALB/c,1836010,"No first Cysteine, No final F"
NA,CASGDAGAAYNSPLYF,Mouse,Autoimmune,Systemic Lupus Erythematosus (SLE),D008180,NA,2.5,No,NA,NA,NA,NA,H-2d/q,Kidney,CD4,NA,NA,NA,NA,TRBV8-02,NA,TRBJ1-6,No,NA,(NZB X SWR)F1,1837146,NA
NA,CASGDAPGGGAEQF,Mouse,Autoimmune,Systemic Lupus Erythematosus (SLE),D008180,NA,2.5,No,NA,NA,NA,NA,H-2d/q,Kidney,CD4,NA,NA,NA,NA,TRBV8-02,NA,TRBJ2-1,No,NA,(NZB X SWR)F1,1837146,NA
NA,CASGDRDYAEQF,Mouse,Autoimmune,Systemic Lupus Erythematosus (SLE),D008180,NA,2.5,No,NA,NA,NA,NA,H-2d/q,Kidney,CD4,NA,NA,NA,NA,TRBV8-02,NA,TRBJ2-1,No,NA,(NZB X SWR)F1,1837146,NA
NA,CASSDDRGGGTEVF,Mouse,Autoimmune,Systemic Lupus Erythematosus (SLE),D008180,NA,2.5,No,NA,NA,NA,NA,H-2d/q,Kidney,CD4,NA,NA,NA,NA,TRBV8-03,NA,TRBJ1-1,No,NA,(NZB X SWR)F1,1837146,NA
NA,CASSDGQYAEQF,Mouse,Autoimmune,Systemic Lupus Erythematosus (SLE),D008180,NA,2.5,No,NA,NA,NA,NA,H-2d/q,Kidney,CD4,NA,NA,NA,NA,TRBV8-03,NA,TRBJ2-1,No,NA,(NZB X SWR)F1,1837146,NA
NA,CASSDKNRGLYF,Mouse,Autoimmune,Systemic Lupus Erythematosus (SLE),D008180,NA,2.5,No,NA,NA,NA,NA,H-2d/q,Kidney,CD4,NA,NA,NA,NA,TRBV8-03,NA,TRBJ2-4,No,NA,(NZB X SWR)F1,1837146,NA
NA,CASSGDRDAEQF,Mouse,Autoimmune,Systemic Lupus Erythematosus (SLE),D008180,NA,2.5,No,NA,NA,NA,NA,H-2d/q,Kidney,CD4,NA,NA,NA,NA,TRBV8-03,NA,TRBJ2-1,No,NA,(NZB X SWR)F1,1837146,NA
NA,CASSQATGGEQYF,Mouse,Autoimmune,Systemic Lupus Erythematosus (SLE),D008180,NA,2.5,No,NA,NA,NA,NA,H-2d/q,Kidney,CD4,NA,NA,NA,NA,TRBV4,NA,TRBJ2-6,No,NA,(NZB X SWR)F1,1837146,NA
NA,CASSQDLGSNTGQLYF,Mouse,Autoimmune,Systemic Lupus Erythematosus (SLE),D008180,NA,2.5,No,NA,NA,NA,NA,H-2d/q,Kidney,CD4,NA,NA,NA,NA,TRBV1,NA,TRBJ2-2,No,NA,(NZB X SWR)F1,1837146,NA
NA,CASSQDPGGAEQF,Mouse,Autoimmune,Systemic Lupus Erythematosus (SLE),D008180,NA,2.5,No,NA,NA,NA,NA,H-2d/q,Kidney,CD4,NA,NA,NA,NA,TRBV4,NA,TRBJ2-1,No,NA,(NZB X SWR)F1,1837146,NA
NA,CASSQGDWGYEQYF,Mouse,Autoimmune,Systemic Lupus Erythematosus (SLE),D008180,NA,2.5,No,NA,NA,NA,NA,H-2d/q,Kidney,CD4,NA,NA,NA,NA,TRBV4,NA,TRBJ2-6,No,NA,(NZB X SWR)F1,1837146,NA
NA,CASSQGQGAVEQYF,Mouse,Autoimmune,Systemic Lupus Erythematosus (SLE),D008180,NA,2.5,No,NA,NA,NA,NA,H-2d/q,Kidney,CD4,NA,NA,NA,NA,TRBV1,NA,TRBJ2-6,No,NA,(NZB X SWR)F1,1837146,NA
NA,CAWSLEQLANTEVF,Mouse,Autoimmune,Systemic Lupus Erythematosus (SLE),D008180,NA,2.5,No,NA,NA,NA,NA,H-2d/q,Kidney,CD4,NA,NA,NA,NA,TRBV14,NA,TRBJ1-1,No,NA,(NZB X SWR)F1,1837146,NA
NA,CAWSPLPGQGDERLF,Mouse,Autoimmune,Systemic Lupus Erythematosus (SLE),D008180,NA,2.5,No,NA,NA,NA,NA,H-2d/q,Kidney,CD4,NA,NA,NA,NA,TRBV14,NA,TRBJ1-4,No,NA,(NZB X SWR)F1,1837146,NA
NA,CTCSAGLGEGEQYF,Mouse,Autoimmune,Systemic Lupus Erythematosus (SLE),D008180,NA,2.5,No,NA,NA,NA,NA,H-2d/q,Kidney,CD4,NA,NA,NA,NA,TRBV2,NA,TRBJ2-6,No,NA,(NZB X SWR)F1,1837146,NA
NA,CTCSAGRDQAQHF,Mouse,Autoimmune,Systemic Lupus Erythematosus (SLE),D008180,NA,2.5,No,NA,NA,NA,NA,H-2d/q,Kidney,CD4,NA,NA,NA,NA,TRBV2,NA,TRBJ1-5,No,NA,(NZB X SWR)F1,1837146,NA
CALEGHYGGSG,CAGARGTYEQYF,Mouse,Autoimmune,Diabetes Type 1,D003922,NA,2.5,No,NA,NA,NA,NA,H-2k,Pancreatic Islets,CD4,NA,TGCGCACTGGAGGGCCAT,TRAV13,NA,TRBV15,NA,TRBJ2-7,No,TGCGGTGCTAGGGGCACTTATGAACAGTACTTC,I-E+ NOD,1902501,NA
CILRVATRQGGSAR,CASGGYEQYF,Mouse,Autoimmune,Diabetes Type 1,D003922,NA,2.5,No,NA,NA,NA,NA,H-2k,Pancreatic Islets,CD4,NA,TGTATCCTGAGAGTAGCTACAAGACAAGGAGGGTCTGCGAAG,TRAV6-1,NA,TRBV8-02,NA,TRBJ2-7,No,TGTGCCAGCGGTGGGTATGAACAGTACTTC,I-E+ NOD,1902501,NA
CAVAGADRL,CASRLGNQDTQYF,Mouse,Autoimmune,Diabetes Type 1,D003922,NA,2.5,No,NA,NA,NA,NA,H-2k,Pancreatic Islets,CD4,NA,TGTGCAGTGGCAGGAGGTGCAGATAGACTC,TRAV1-1,NA,TRBV12,NA,TRBJ5-2,No,TGTGCCAGCAGACTGGGAAACCAAGACACCCAG,I-E+ NOD,1902501,NA
CAAPSNSNTGYQN,CASSLGTTNTGQLYF,Mouse,Autoimmune,Diabetes Type 1,D003922,NA,2.5,No,NA,NA,NA,NA,H-2k,Pancreatic Islets,CD4,NA,TGTGCAGCACCCTCGAACACGGGTTATGTGCAGTGGCAGGACCAGAACGGTGCAGATAGACTC,TRAV2-2,NA,TRBV16,NA,TRBJ2-2,No,TGTGCCAGCAGCTTAGGGACAACAAACACCGGGCAG,I-E+ NOD,1902501,NA
CAVSPGYNKL,CGAGQGGNTLYF,Mouse,Autoimmune,Diabetes Type 1,D003922,NA,2.5,No,NA,NA,NA,NA,H-2k,Pancreatic Islets,CD4,NA,TGTGCAGTGAGCCCGGGATACAACAAACTC,TRAV1-1,NA,TRBV15,NA,TRBJ1-3,No,TGTGGTGCTGGACAGGGGGGAAATACGCTCTAT,I-E+ NOD,1902501,NA
CALGLMSNYNVLYF,CASSSGLGGTLYF,Mouse,Pathogens,Lymphocytic choriomeningitis virus (LCMV),D008217,NA,2.1,No,NA,NA,SSGVENPGGYCLTKW,61061,H-2Db,Spleen,CD8,NA,ACTGTGCTCTGGGTCTCATGTCTAATTACAACGTGCTTTACTTC,TRAV4,TRAJ14-4,TRBV10,TRBD2,TRBJ2-4,No,TGTGCCAGCAGCTCGGGACTGGGGGGAACCTTGTATTT,C57BL/10,2138558,NA
CALIPGGQKLLF,CAAGETSGVSYNEQF,Human,Cancer,Melanoma,D008545,NA,2.2,No,NA,NA,NA,NA,HLA-A*02,Metastatic Melanoma,CD8,TIL,GTGCTCTAATCCCAGGAGGCCAGAAGCTGCTCTTT,TRAV9,TRAJ16,TRBV22,TRBD2-1,TRBJ2-1,No,GTGCCGCTGGGGAGACTAGCGGGGTGTCGTACAATGAGCAGTTC,NA,7511820,NA
CAENMMNTGNQF,CASRPTITVPYSNQPQHF,Human,Cancer,Melanoma,D008545,NA,2.2,No,NA,NA,NA,NA,HLA-A*01,Metastatic Melanoma,CD8,TIL,GAGAATATGATGAACACCGGTAACCAGTTCTATTTTGGGACAGGGACAAGTTTGACGGTCATTCCAA,TRAV8-2,TRAJ49,TRBV13,TRBD1-1,TRBJ1-5,No,GTGCCTGTGCCAGCCGACCTACTATAACGGTCCCGTATAGCAATCAGCCCCAGCATTTTGGTGATGGGAC,NA,7511820,NA
CAYRGLGVV,CASRPTITVPYSNQPQHF,Human,Cancer,Melanoma,D008545,NA,2.2,No,NA,NA,NA,NA,HLA-A*01,Metastatic Melanoma,CD8,TIL,GAGAATATGATGAACACCGGTAACCAGTTCTATTTTGGGACA,TRAV14-1,TRAJ32,TRBV13,TRBD1-1,TRBJ1-5,No,GTGCCTGTGCCAGCCGACCTACTATAACGGTCCCGTATAGCAATCAGCCCCAGCATTTTGGTGATGGGAC,NA,7511820,NA
CAASKGGSQGNLIF,CASSLVVWDRGGNOPQHF,Human,Cancer,Melanoma,D008545,NA,2.2,No,NA,NA,NA,NA,HLA-A*02,Metastatic Melanoma,CD8,TIL,GTGCTGGCAAGCAAGGGAGGAAGCCAAGGAAATCTCATCTTT,TRAV17,TRAJ42,TRBV6,TRBD1-1,TRBJ1-5,No,GTGCCAGCAGCTTAGTAGTCTGGGACAGGGGTGGTAATCAGCCCCAGCATTTT,NA,7511820,NA
CAVGATGNQF,CASSQDLLSWDEQF,Human,Cancer,Melanoma,D008545,NA,2.2,No,NA,NA,NA,NA,HLA-A*02,Metastatic Melanoma,CD8,TIL,GTGCTGTGGGTGCCACCGGTAACCAGTTC,TRAV1,TRAJ49,TRBV7,TRBD2-1,TRBJ2-1,No,TGTGCCAGCAGCTCAAGATCTCCTGAGTTGGGATGAGCAGTTC,NA,7511820,NA
CAAETTASLGKLQF,CASGDHGLSYEQYF,Mouse,Pathogens,Murine leukemia virus (MuLV),D009052,NA,2.4,No,Murine leukemia virus (MuLV) envelope protein (MLVs ),P03385,NA,NA,H-2b,NA,CD4,NA,NA,TRAV11,TRAJ9,TRBV8-01,NA,TRBJ2-6,No,GTGCCAGCGGTGATCATGGCCTCTCCTATGAACAGTACTTCG,C57BL/6,7687300,NA
CAAETTASLGKLQF,CASGDHGLSYEQYF,Mouse,Cancer,Murine leukemia virus (MuLV),D007938,NA,2.4,No,Murine leukemia virus (MuLV) envelope protein (MLVs ),P03385,DEPLTSLTPRCNTAWNRLKL,80961,H-2b,Tumor,CD4,NA,NA,TRAV11,TRAJ9,TRBV13-03,NA,TRBJ2-6,No,GTGCCAGCGGTGATCATGGCCTCTCCTATGAACAGTACTTCG,(BALB/c xC57BL/6)F1,7687300,NA
CALGDSGTGSNRLTF,CASSQDWGFQDTQYF,Mouse,Pathogens,Murine leukemia virus (MuLV),D009052,NA,2.4,No,Murine leukemia virus (MuLV) envelope protein (MLVs ),P03385,NA,NA,H-2b,NA,CD4,NA,TGTGCTCTGGGTGATTCAGGCACTGGGAGTAACAGGCTCACTTTT,TRAV4,TRAJ8,TRBV1,NA,TRBJ2-5,No,GTGCCAGCAGCCAAGATTGGGGGTTCCAAGACACCCAGTACTTT,C57BL/6,7687300,NA
NA,CASSQDWGFQDTQYF,Mouse,Pathogens,Murine leukemia virus (MuLV),D009052,NA,2.1,No,Murine leukemia virus (MuLV) envelope protein (MLVs ),P03385,DEPLTSLTPRCNTAWNRLKL,NA,H-2b,Tumor,CD4,NA,NA,NA,NA,TRBV1,NA,TRBJ2-5,No,NA,C57BL/6,7687300,NA
CALGDRGSGGSNYK,CAWSRTGGNSDYTF,Mouse,Pathogens,Murine leukemia virus (MuLV),D009052,NA,2.4,No,Murine leukemia virus (MuLV) envelope protein (MLVs ),P03385,NA,NA,H-2b,NA,CD4,NA,GTGCTCTGGGTGATCGGGGCAGTGGAGGCAGCAATTACAAA,TRAV4,TRAJ3DT,TRBV14,NA,TRBJ1-2,No,GTGCCTGGAGCCGGACAGGAGGAAACTCCGACTACACCTTCG,(BALB/c xC57BL/6)F1,7687300,NA
CALGDRGSGGSNYK,CAWSRTGGNSDYTF,Mouse,Cancer,Murine leukemia virus (MuLV),D007938,NA,2.4,No,Murine leukemia virus (MuLV) envelope protein (MLVs ),P03385,DEPLTSLTPRCNTAWNRLKL,80961,H-2b,Tumor,CD4,NA,GTGCTCTGGGTGATCGGGGCAGTGGAGGCAGCAATTACAAA,TRAV4,TRAJ3DT,TRBV31,NA,TRBJ1-2,No,GTGCCTGGAGCCGGACAGGAGGAAACTCCGACTACACCTTCG,(BALB/c xC57BL/6)F1,7687300,NA
NA,CAWSRTGGNSDYTF,Mouse,Pathogens,Murine leukemia virus (MuLV),D009052,NA,2.1,No,Murine leukemia virus (MuLV) envelope protein (MLVs ),P03385,DEPLTSLTPRCNTAWNRLKL,NA,H-2b,Tumor,CD4,NA,NA,NA,NA,TRBV13,NA,TRBJ1-2,No,NA,C57BL/6,7687300,NA
CAVTGSGGKLTLG,CGARNRAHAEQF,Mouse,Pathogens,Murine leukemia virus (MuLV),D009052,NA,2.4,No,Murine leukemia virus (MuLV) envelope protein (MLVs ),P03385,NA,NA,H-2b,NA,CD4,NA,NA,TRAV4L-23,TRAJ4L-23,TRBV15,NA,TRBJ2-1,No,GTGGTGCTAGAAACAGGGCCCATGCTGAGCAGTTC,C57BL/6,7687300,NA
NA,CASSARTANTEVF,Mouse,Pathogens,Influenza,D009980,A/HKx31 strain,2.3,No,NP,P03466,IASNENMETMESSTLE,25439,H-2db,Lymph Nodes,CD8,NA,NA,TRAV11,NA,TRBV13-01,NA,TRBJ1-1,No,NA,C57BL/6,7689611,NA
NA,CASSCCANTGQLYF,Mouse,Pathogens,Influenza,D009980,A/HKx31 strain,2.3,No,NP,P03466,IASNENMETMESSTLE,25439,H-2db,Lymph Nodes,CD8,NA,NA,TRAV4,NA,TRBV13-01,NA,TRBJ2-2,No,NA,C57BL/6,7689611,NA
NA,CASSCCSNTGQLYF,Mouse,Pathogens,Influenza,D009980,A/HKx31 strain,2.3,No,NP,P03466,IASNENMETMESSTLE,25439,H-2db,Lymph Nodes,CD8,NA,NA,TRAV3,NA,TRBV13-01,NA,TRBJ2-2,No,NA,C57BL/6,7689611,NA
NA,CASSCCSNTGQLYF,Mouse,Pathogens,Influenza,D009980,A/HKx31 strain,2.3,No,NP,P03466,IASNENMETMESSTLE,25439,H-2db,Lymph Nodes,CD8,NA,NA,TRAV13,NA,TRBV13-01,NA,TRBJ2-2,No,NA,C57BL/6,7689611,NA
NA,CASSCCSNTGQLYF,Mouse,Pathogens,Influenza,D009980,A/HKx31 strain,2.3,No,NP,P03466,IASNENMETMESSTLE,25439,H-2db,Lymph Nodes,CD8,NA,NA,TRAV8,NA,TRBV13-01,NA,TRBJ2-2,No,NA,C57BL/6,7689611,NA
CAVTIGFGNVLHCGSGTQVIVLPHIQ,CASSLGNEQF,Human,Cancer,Melanoma,D008545,NA,2.4,No,Melan-A/MART-1,Q16655,EAAGIGILTV,10987,HLA-A*02,Tumor Tissue,NA,NA,TGTGCCGTTACGATAGGCTTTGGGAATGTGCTGCATTGCGGGTCCGGCACTCAAGTGATTGTTTTACCACATATCCAG,TRAV2,TRAJ35,NA,NA,TRBJ2-1,No,TGTGCCAGCAGTCTTGGCAATGAGCAGTTCTTCGGGCCAGGGACACGGCTCACCGTGCTAGAGGACCTG,NA,7777568,NA
CASGGGADGLTFPYIQF,CASSLGVATGELF,Human,Cancer,Melanoma,D008545,NA,2.4,No,Melan-A/MART-1,Q16655,EAAGIGILTV,10987,HLA-A*02,Tumor Tissue,NA,NA,TGTGCCTCAGGAGGAGGTGCTGACGGACTCACCTTTGGCAAAGGGACTCATCTAATCATCCAGCCCTATATCCAG,TRAV2,TRAJ45,NA,NA,TRBJ2-2,No,TGTGCCAGCAGTTTAGGGGTAGCGACCGGGGAGCTGTTTTTTGGAGAAGGCTCTAGGCTGACCGTACTGGAGGACCTG,NA,7777568,NA
CAASPPESGGYNKLIF,CASSQEEGGGSWGNTIYF,Human,Cancer,Melanoma,D008545,NA,2.4,No,Melan-A/MART-1,Q16655,EAAGIGILTV,10987,HLA-A*02,Tumor Tissue,NA,NA,TGTGCAGCAAGCCCGCCGGAATCTGGTGGCTACAATAAGCTGATTTTTGGAGCAGGGACCAGGCTGGCTGTACACCCATATATCCAG,TRAV21,TRAJ4,NA,NA,TRBJ1-3,No,TGTGCCAGCAGCCAAGAAGAGGGAGGAGGGTCTTGGGGAAACACCATATATTTTGGAGAGGGAAGTTGGCTCACTGTTGTAGAGGACCTG,NA,7777568,NA
CAAYYGGSOGNLIF,CASSQEGLAGASQYF,Human,Cancer,Melanoma,D008545,NA,2.4,No,Melan-A/MART-1,Q16655,EAAGIGILTV,10987,HLA-A*02,Tumor Tissue,NA,NA,TGTGCCGCATATTATGGAGGAAGCCAAGGAAATCTCATCTTTGGAAAAGGCACTAAACTCTCTGTTAAACCAAATATCCAG,TRAV21,TRAJ42,NA,NA,TRBJ2-4,No,TGTGCCAGCAGCCAAGAGGGACTAGCGGGAGCGTCGCAGTACTTCGGGCCGGGCACCAQGCTCACGGTCACAGAGGACCTG,NA,7777568,NA
CAVSRGGGADGLTF,CASSQETDIVFNOPQHF,Human,Cancer,Melanoma,D008545,NA,2.4,No,Melan-A/MART-1,Q16655,EAAGIGILTV,10987,HLA-A*02,Tumor Tissue,NA,NA,TGTGCTGTGAGCCGAGGAGGAGGTGCTGATGGACTCACCTTTGGCAAAGGGACTCATCTAATCATCCAGCCCTATATCCAG,TRAV2,TRAJ45,NA,NA,TRBJ1-5,No,TGCGCCAGCAGCCAAGAAACCGACATCGTCTTCAATCAGCCCCAGCATTTTGGTGATGGGACTCGACTCTCCATCCTAGAGGACCTG,NA,7777568,NA
CAGAREYGNKLVF,CASSQGQLTDTQYF,Human,Cancer,Melanoma,D008545,NA,2.4,No,Melan-A/MART-1,Q16655,EAAGIGILTV,10987,HLA-A*02,Tumor Tissue,NA,NA,TGTGCAGGAGCTCGGGAATATGGAAACAAACTGGTCTTTGGCGCAGGAACCATTCTGAGAGTCAAGTCCTATATCCAG,TRAV10,TRAJ47,NA,NA,TRBJ2-3,No,TGCGCCAGCAGCCAAGGACAGCTCACAGATACGCAGTATTTTGGCCCAGGCACCCGGCTGACAGTGCTCGAGGACCTG,NA,7777568,NA
CAVNIGFGNVLHCGSGTQVIVLPHIQ,CASSRTVGGPNEQF,Human,Cancer,Melanoma,D008545,NA,2.4,No,Melan-A/MART-1,Q16655,EAAGIGILTV,10987,HLA-A*02,Tumor Tissue,NA,NA,TGTGCCGTGAACATAGGCTTTGGGAATGTGCTGCATTGCGGGTCCGGCACTCAAGTGATTGTTTTACCACATATCCAG,TRAV2,TRAJ35,NA,NA,TRBJ2-1,No,TGTGCCAGCAGTCGGACTGTCGGGGGGCCCAATGAGCAGTTCTTCGGGCCAGGGACACGGCTCACCGTGCTAGAGGACCTG,NA,7777568,NA
CAVNTGGFKTIF,CASSTGQGWGSF,Human,Cancer,Melanoma,D008545,NA,2.4,No,Melan-A/MART-1,Q16655,EAAGIGILTV,10987,HLA-A*02,Tumor Tissue,NA,NA,TGTGCCGTGAATACTGGAGGCTTCAAAACTATCTTTGGAGCAGGAACAAGACTATTTGTTAAAGCAAATATCCAG,TRAV2,TRAJ9,NA,NA,NA,No,TGTGCCAGCAGCACGGGACAGGGGTGGGGCTCCTTCGGTTCGGGGACCAGGTTAACCGTTGTAGAGGACCTG,NA,7777568,NA
CAVNPGNMLTF,CSTDGQTGTGELF,Human,Cancer,Melanoma,D008545,NA,2.4,No,Melan-A/MART-1,Q16655,EAAGIGILTV,10987,HLA-A*02,Tumor Tissue,NA,NA,TGTGCCGTGAACCCAGGCAACATGCTCACCTTTGGAGGGGGAACAAGGTTAATGGTCAAACCCCATATCCAG,TRAV2,TRAJ39,NA,NA,TRBJ2-2,No,TGCAGCACTGATGGGCAGACCGGCACCGGGGAGCTGTTTTTTGGAGAAGGCTCTAGGCTGACCGTACTGGAGGACCTG,NA,7777568,NA
CADWGQF,NA,Human,Cancer,Melanoma,D008545,NA,2.4,No,Melan-A/MART-1,Q16655,EAAGIGILTV,10987,HLA-A*02,Tumor Tissue,NA,NA,TGTGCGGACTGGGGCCAATTTGGAAATGAGAAATTAACCTTTGGGACTGGAACAAGACTCACCATCATACCCAATATCCAG,TRAV8,TRAJ48,NA,NA,NA,No,NA,NA,7777568,NA
CAVKDSTLTF,NA,Human,Cancer,Melanoma,D008545,NA,2.4,No,Melan-A/MART-1,Q16655,EAAGIGILTV,10987,HLA-A*02,Tumor Tissue,NA,NA,TGTGCCGTGAAAGACAGCACCCTCACCTTTGGGAAGGGGACTATGCTTCTAGTCTCTCCAGATATCCAG,TRAV2,TRAJ1,NA,NA,NA,No,NA,NA,7777568,NA
NA,CASSQDRLRGVADTQYF,Human,Autoimmune,Diabetes Type 1,D003946,NA,2.2,No,beta membrane antigen,NA,NA,NA,HLA-DQw1,PBMC,NA,NA,NA,NA,NA,NA,NA,TRBJ2-3,No,NA,NA,7926306,NA
NA,CASSQEADIQYF,Human,Autoimmune,Diabetes Type 1,D003947,NA,2.2,No,beta membrane antigen,NA,NA,NA,HLA-DQw1,PBMC,NA,NA,NA,NA,NA,NA,NA,NA,No,NA,NA,7926306,NA
NA,CASSSDRLGNQPQHF,Human,Autoimmune,Diabetes Type 1,D003945,NA,2.2,No,beta membrane antigen,NA,NA,NA,HLA-DQw1,PBMC,NA,NA,NA,NA,NA,NA,NA,TRBJ1-5,No,NA,NA,7926306,NA
NA,CASRNPLRTEAF,Human,Cancer,Melanoma,D008545,Autologous melanoma,2.4,No,NA,NA,NA,NA,HLA-B*14,Tumor Tissue,CD8,NA,NA,NA,NA,TRBV13,NA,TRBJ1-1,No,NA,NA,8339262,NA
NA,CASRRLAVGNEQF,Human,Cancer,Melanoma,D008545,Autologous melanoma,2.4,No,NA,NA,NA,NA,HLA-B*14,Tumor Tissue,CD8,NA,NA,NA,NA,TRBV13,NA,TRBJ2-1,No,NA,NA,8339262,NA
NA,CASSERRNTEAF,Human,Cancer,Melanoma,D008545,Autologous melanoma,2.4,No,NA,NA,NA,NA,HLA-B*14,Tumor Tissue,CD8,NA,NA,NA,NA,TRBV13,NA,TRBJ1-1,No,NA,NA,8339262,NA
NA,CASSFRSAPPNTEAF,Human,Cancer,Melanoma,D008545,Autologous melanoma,2.4,No,NA,NA,NA,NA,HLA-B*14,Tumor Tissue,CD8,NA,NA,NA,NA,TRBV13,NA,TRBJ2-7,No,NA,NA,8339262,NA
NA,CASSLDRGGTEAF,Human,Cancer,Melanoma,D008545,Autologous melanoma,2.4,No,NA,NA,NA,NA,HLA-B*14,Tumor Tissue,CD8,NA,NA,NA,NA,TRBV13,NA,TRBJ1-1,No,NA,NA,8339262,NA
NA,CASSWGGDTEAF,Human,Cancer,Melanoma,D008545,Autologous melanoma,2.4,No,NA,NA,NA,NA,HLA-B*14,Tumor Tissue,CD8,TIL,NA,NA,NA,TRBV13,NA,TRBJ1-1,No,NA,NA,8339262,NA
NA,CASSYGRDGYEQYF,Human,Cancer,Melanoma,D008545,Autologous melanoma,2.4,No,NA,NA,NA,NA,HLA-B*14,Tumor Tissue,CD8,NA,NA,NA,NA,TRBV13,NA,TRBJ2-7,No,NA,NA,8339262,NA
NA,CASSYRITYEQYF,Human,Cancer,Melanoma,D008545,Autologous melanoma,2.4,No,NA,NA,NA,NA,HLA-B*14,Tumor Tissue,CD8,NA,NA,NA,NA,TRBV13,NA,TRBJ2-7,No,NA,NA,8339262,NA
NA,CASSYSYEQYF,Human,Cancer,Melanoma,D008545,Autologous melanoma,2.4,No,NA,NA,NA,NA,HLA-B*14,Tumor Tissue,CD8,NA,NA,NA,NA,TRBV13,NA,TRBJ2-7,No,NA,NA,8339262,NA
NA,CASRSSREEQF,Human,Cancer,Melanoma,D008545,NA,2.5,No,NA,NA,NA,NA,HLA-A*02,Tumor Tissue,CD8,NA,NA,NA,NA,TRBV2,TRBD2,TRBJ2-1,No,NA,NA,8376931,NA
NA,CASSTGQGWGSF,Human,Cancer,Melanoma,D008545,NA,2.5,No,NA,NA,NA,NA,HLA-A*02,Tumor Tissue,CD8,NA,NA,NA,NA,TRBV14,TRBD1,TRBJ1-2,No,NA,NA,8376931,NA
NA,CASSYSAASGHGYTF,Human,Cancer,Melanoma,D008545,NA,2.5,No,NA,NA,NA,NA,HLA-A*02,Tumor Tissue,CD8,NA,NA,NA,NA,TRBV13-02,TRBD1,TRBJ1-2,No,TGTGTCCAGCAGTTACTCTTCCTCATCACATGGCTACACCTTC,NA,8376931,NA
NA,CSAFDGEAF,Human,Cancer,Melanoma,D008545,NA,2.5,No,NA,NA,NA,NA,HLA-A*02,Tumor Tissue,CD8,NA,NA,NA,NA,TRBV2-01,TRBD1,TRBJ1-1,No,TGCAGTGCTTTTGACGGTGAAGCTTTT,NA,8376931,NA
NA,CSAKSRVYGYTF,Human,Cancer,Melanoma,D008545,NA,2.5,No,NA,NA,NA,NA,HLA-A*02,Tumor Tissue,CD8,NA,NA,NA,NA,TRBV2-01,TRBD1,TRBJ2-1,No,TGCAGTGCAAGTCCAGGGTTTATGGCTACACCTTC,NA,8376931,NA
CAAEASSSFSKLVF,CASAPDRGGERLF,Mouse,Autoimmune,Collagen type II-induced arthritis,D001169,Model of Rheumatoid Arthritis (RA),2.1,No,Collagen alpha-1,P02452,GPEGAQGPRGEPGTP,108394,H-2q,"Lymph Nodes, Spinal Cord",CD4,NA,NA,TRAV11-1,TRAJ42,TRBV8-02,NA,TRBJ1-4,No,NA,DBA/1LacJ,8381155,NA
CAAEASSSFSKLVF,CASAPDRGGERLF,Mouse,Autoimmune,Collagen type II-induced arthritis,D001169,Model of Rheumatoid Arthritis (RA),2.1,No,Collagen alpha-1,P02452,GPEGAQGPRGEPGTP,108394,H-2q,Lymph Nodes,CD4,NA,NA,TRAV11-1,TRAJ42,TRBV13-02,NA,TRBJ1-4,No,NA,DBA/1LacJ,8381155,NA
CAAEASSSFSKLVF,CASAPDRWQRLF,Mouse,Autoimmune,Collagen type II-induced arthritis,D001169,Model of Rheumatoid Arthritis (RA),2.1,No,Collagen alpha-1,P02452,GPEGAQGPRGEPGTP,108394,H-2q,"Lymph Nodes, Spinal Cord",CD4,NA,NA,TRAV11-1,TRAJ42,TRBV8-02,NA,TRBJ1-4,No,NA,DBA/1LacJ,8381155,NA
CAAEASSSFSKLVF,CASAPDRWQRLF,Mouse,Autoimmune,Collagen type II-induced arthritis,D001169,Model of Rheumatoid Arthritis (RA),2.1,No,Collagen alpha-1,P02452,GPEGAQGPRGEPGTP,108394,H-2q,Lymph Nodes,CD4,NA,NA,TRAV11-1,TRAJ42,TRBV13-02,NA,TRBJ1-4,No,NA,DBA/1LacJ,8381155,NA
CAADTSSSFSKLVF,CASEAVNSGNTLYF,Mouse,Autoimmune,Collagen type II-induced arthritis,D001169,Model of Rheumatoid Arthritis (RA),2.1,No,Collagen alpha-1,P02452,GPEGAQGPRGEPGTP,108394,H-2q,"Lymph Nodes, Spinal Cord",CD4,NA,NA,TRAV11-4,TRAJ42,TRBV8-02,NA,TRBJ1-3,No,NA,DBA/1LacJ,8381155,NA
CAADTSSSFSKLVF,CASEAVNSGNTLYF,Mouse,Autoimmune,Collagen type II-induced arthritis,D001169,Model of Rheumatoid Arthritis (RA),2.1,No,Collagen alpha-1,P02452,GPEGAQGPRGEPGTP,108394,H-2q,Lymph Nodes,CD4,NA,NA,TRAV11-4,TRAJ42,TRBV13-02,NA,TRBJ1-3,No,NA,DBA/1LacJ,8381155,NA
CAAETGGADRLTF,CASGDRALSYNSPLYF,Mouse,Autoimmune,Collagen type II-induced arthritis,D001169,Model of Rheumatoid Arthritis (RA),2.1,No,Collagen alpha-1,P02452,GPEGAQGPRGEPGTP,108394,H-2q,"Lymph Nodes, Spinal Cord",CD4,NA,NA,TRAV11-1,TRAJ37,TRBV8-02,NA,TRBJ1-6,No,NA,DBA/1LacJ,8381155,NA
CAAETGGADRLTF,CASGDRALSYNSPLYF,Mouse,Autoimmune,Collagen type II-induced arthritis,D001169,Model of Rheumatoid Arthritis (RA),2.1,No,Collagen alpha-1,P02452,GPEGAQGPRGEPGTP,108394,H-2q,Lymph Nodes,CD4,NA,NA,TRAV11-1,TRAJ37,TRBV13-02,NA,TRBJ1-6,No,NA,DBA/1LacJ,8381155,NA
CAAAINNAGAKLTF,CASGDTAGANERLF,Mouse,Autoimmune,Collagen type II-induced arthritis,D001169,Model of Rheumatoid Arthritis (RA),2.1,No,Collagen alpha-1,P02452,GPEGAQGPRGEPGTP,108394,H-2q,"Lymph Nodes, Spinal Cord",CD4,NA,NA,TRAV22-1,TRAJ32,TRBV8-02,NA,TRBJ1-4,No,NA,DBA/1LacJ,8381155,NA
CAAAINNAGAKLTF,CASGDTAGANERLF,Mouse,Autoimmune,Collagen type II-induced arthritis,D001169,Model of Rheumatoid Arthritis (RA),2.1,No,Collagen alpha-1,P02452,GPEGAQGPRGEPGTP,108394,H-2q,Lymph Nodes,CD4,NA,NA,TRAV22-1,TRAJ32,TRBV13-02,NA,TRBJ1-4,No,NA,DBA/1LacJ,8381155,NA
CALRDNNRIFF,CASGDVDGANSDYTF,Mouse,Autoimmune,Collagen type II-induced arthritis,D001169,Model of Rheumatoid Arthritis (RA),2.1,No,Collagen alpha-1,P02452,GPEGAQGPRGEPGTP,108394,H-2q,"Lymph Nodes, Spinal Cord",CD4,NA,NA,TRAV8-4,TRAJ24,TRBV8-02,NA,TRBJ1-2,No,NA,DBA/1LacJ,8381155,NA
CALRDNNRIFF,CASGDVDGANSDYTF,Mouse,Autoimmune,Collagen type II-induced arthritis,D001169,Model of Rheumatoid Arthritis (RA),2.1,No,Collagen alpha-1,P02452,GPEGAQGPRGEPGTP,108394,H-2q,Lymph Nodes,CD4,NA,NA,TRAV8-4,TRAJ24,TRBV13-02,NA,TRBJ1-2,No,NA,DBA/1LacJ,8381155,NA
CALRDNNRIFF,CASGDVDSANSDYTF,Mouse,Autoimmune,Collagen type II-induced arthritis,D001169,Model of Rheumatoid Arthritis (RA),2.1,No,Collagen alpha-1,P02452,GPEGAQGPRGEPGTP,108394,H-2q,"Lymph Nodes, Spinal Cord",CD4,NA,NA,TRAV8-4,TRAJ24,TRBV8-02,NA,TRBJ1-2,No,NA,DBA/1LacJ,8381155,NA
CALRDNNRIFF,CASGDVDSANSDYTF,Mouse,Autoimmune,Collagen type II-induced arthritis,D001169,Model of Rheumatoid Arthritis (RA),2.1,No,Collagen alpha-1,P02452,GPEGAQGPRGEPGTP,108394,H-2q,Lymph Nodes,CD4,NA,NA,TRAV8-4,TRAJ24,TRBV13-02,NA,TRBJ1-2,No,NA,DBA/1LacJ,8381155,NA
CAAETGGADRLTF,CASSGGQGRYAEQF,Mouse,Autoimmune,Collagen type II-induced arthritis,D001169,Model of Rheumatoid Arthritis (RA),2.1,No,Collagen alpha-1,P02452,GPEGAQGPRGEPGTP,108394,H-2q,"Lymph Nodes, Spinal Cord",CD4,NA,NA,TRAV11-1,TRAJ37,TRBV8-03,NA,TRBJ2-1,No,NA,DBA/1LacJ,8381155,NA
CAAETGGADRLTF,CASSGGQGRYAEQF,Mouse,Autoimmune,Collagen type II-induced arthritis,D001169,Model of Rheumatoid Arthritis (RA),2.1,No,Collagen alpha-1,P02452,GPEGAQGPRGEPGTP,108394,H-2q,Lymph Nodes,CD4,NA,NA,TRAV11-1,TRAJ37,TRBV13-01,NA,TRBJ2-1,No,NA,DBA/1LacJ,8381155,NA
CAALNNNRIFF,CASSLQPGQNSGNTLYF,Mouse,Autoimmune,Collagen type II-induced arthritis,D001169,Model of Rheumatoid Arthritis (RA),2.1,No,Collagen alpha-1,P02452,GPEGAQGPRGEPGTP,108394,H-2q,"Lymph Nodes, Spinal Cord",CD4,NA,NA,TRAV22-1,TRAJ24,TRBV1,NA,TRBJ1-3,No,NA,DBA/1LacJ,8381155,NA
CAAAINNAGAKLTF,CASSQDWNTLYF,Mouse,Autoimmune,Collagen type II-induced arthritis,D001169,Model of Rheumatoid Arthritis (RA),2.1,No,Collagen alpha-1,P02452,GPEGAQGPRGEPGTP,108394,H-2q,"Lymph Nodes, Spinal Cord",CD4,NA,NA,TRAV22-1,TRAJ32,TRBV1,NA,TRBJ2-4,No,NA,DBA/1LacJ,8381155,NA
CAAEASSSFSKLVF,CASSQVGNQDTQYF,Mouse,Autoimmune,Collagen type II-induced arthritis,D001169,Model of Rheumatoid Arthritis (RA),2.1,No,Collagen alpha-1,P02452,GPEGAQGPRGEPGTP,108394,H-2q,"Lymph Nodes, Spinal Cord",CD4,NA,NA,TRAV11-1,TRAJ42,TRBV1,NA,TRBJ2-5,No,NA,DBA/1LacJ,8381155,NA
CAAETSSSFSKLVF,CASSRTANTGQLYF,Mouse,Autoimmune,Collagen type II-induced arthritis,D001169,Model of Rheumatoid Arthritis (RA),2.1,No,Collagen alpha-1,P02452,GPEGAQGPRGEPGTP,108394,H-2q,"Lymph Nodes, Spinal Cord",CD4,NA,NA,TRAV11-4,TRAJ42,TRBV6,NA,TRBJ1-3,No,NA,DBA/1LacJ,8381155,NA
NA,CASSIQSGGYEQYF,Human,Cancer,Melanoma,D008545,NA,3,No,NA,NA,NA,NA,NA,Tumor Tissue,CD8,NA,NA,NA,NA,TRBV19,NA,TRBJ2-7,No,NA,NA,8450047,NA
NA,CASSLLQGPNYGYTF,Human,Cancer,Melanoma,D008545,NA,3,No,NA,NA,NA,NA,NA,Tumor Tissue,CD8,NA,NA,NA,NA,TRBV19,NA,TRBJ1-2,No,NA,NA,8450047,NA
NA,CASSLRDSWNYEQF,Human,Cancer,Melanoma,D008545,NA,3,No,NA,NA,NA,NA,NA,Tumor Tissue,CD8,NA,NA,NA,NA,TRBV16,NA,TRBJ2-1,No,NA,NA,8450047,NA
NA,CASSQGVRKAKNIQYF,Human,Cancer,Melanoma,D008545,NA,3,No,NA,NA,NA,NA,NA,Tumor Tissue,CD8,NA,NA,NA,NA,TRBV16,NA,TRBJ2-4,No,NA,NA,8450047,NA
NA,CSVEENGREYNEQF,Human,Cancer,Melanoma,D008545,NA,3,No,NA,NA,NA,NA,NA,Tumor Tissue,CD8,NA,NA,NA,NA,TRBV4,NA,TRBJ2-1,No,NA,NA,8450047,NA
NA,CSVEQTSVVVEQF,Human,Cancer,Melanoma,D008545,NA,3,No,NA,NA,NA,NA,NA,Tumor Tissue,CD8,NA,NA,NA,NA,TRBV4,NA,TRBJ2-1,No,NA,NA,8450047,NA
NA,CASSLGSSYEQYF,Human,Cancer,Melanoma,D008545,NA,2.1,No,gp100,P40967,YLEPGPVTA,74638,HLA-A*01,PBMC,NA,NA,NA,NA,NA,TRBV27,NA,TRBJ2-7,No,NA,NA,8752841,NA
CASPDAGGTSYGKLT,CASLAGQGYNEQF,Human,Cancer,Melanoma,D008545,NA,2.1,No,MAGE-1,P43355,SAYGEPRKL,502135,HLA-Cw* 16:01,PBMC,CD8,NA,NA,TRAV2,TRAJ5-1,TRBV4,NA,TRBJ2-1,No,NA,NA,8921424,NA
CAAPQAGTALIF,CASLGAQNNEQF,Human,Cancer,Melanoma,D008545,NA,2.1,No,BAGE,Q29RY1,AARAVFLAL,NA,HLA-Cw* 16:01,PBMC,CD8,NA,NA,TRAV8-2,TRAJ15,TRBV12,NA,TRBJ2-1,No,NA,NA,8921424,NA
CASIGSGGGADGLTF,CASRLWFWALEAF,Human,Cancer,Melanoma,D008545,NA,2.1,No,MAGE-1,P43355,SAYGEPRKL,502135,HLA-Cw* 16:01,PBMC,CD8,NA,NA,TRAV8,NA,TRBV6,NA,TRBJ1-1,No,NA,NA,8921424,NA
CTDVSTGGFKTIF,CASSYSTGDEQYF,Human,Cancer,Melanoma,D008545,NA,2.1,No,BAGE,Q29RY1,AARAVFLAL,NA,HLA-Cw* 16:01,PBMC,CD8,NA,NA,TRAV3,TRAJ9,TRBV6,NA,TRBJ2-7,No,NA,NA,8921424,NA
CTDLNTGGFKTIF,CASSYSTGDEQYF,Human,Cancer,Melanoma,D008545,NA,2.1,No,BAGE,Q29RY1,AARAVFLAL,NA,HLA-Cw* 16:01,PBMC,CD8,NA,NA,TRAV3,TRAJ9,TRBV6,NA,TRBJ2-7,No,NA,NA,8921424,NA
CVVKKNNTDKLIF,CASSQGTSQFNEQF,Human,Cancer,Melanoma,D008545,NA,2.1,No,Melan-A/MART-1,Q16655,EAAGIGILTV,10987,HLA-A*02,Lymph Nodes,CD8,NA,NA,TRAV2,TRAJ2,TRBV7,NA,TRBJ2-1,No,NA,NA,9103444,NA
CAVGLGGANNLFF,CASSSGQGLNIQYF,Human,Cancer,Melanoma,D008545,NA,2.1,No,Melan-A/MART-1,Q16655,EAAGIGILTV,10987,HLA-A*02,Lymph Nodes,CD8,NA,NA,TRAV9,TRAJ5,TRBV4,NA,TRBJ2-4,No,NA,NA,9103444,NA
CAVNFAGGGADGLTF,CASSESAGGYYNEQF,Human,Pathogens,Epstein Barr virus (EBV),D020031,EBV,2.1,No,EBNA-4,P03203,IVTDFSVIK,29466,HLA-A*011,PBMC,NA,NA,NA,TRAV1-1,TRAJ45,TRBV2,NA,TRBJ2-1,No,NA,NA,9207000,NA
CAGHAGNQFYF,CASSFGFGSSYGYTF,Human,Pathogens,Epstein Barr virus (EBV),D020031,EBV,2.1,No,EBNA-4,P03203,IVTDFSVIK,29466,HLA-A*011,PBMC,NA,NA,NA,TRAV25,TRAJ49,TRBV11-01,NA,TRBJ1-2,No,NA,NA,9207000,NA
NA,CASSLASATGELF,Human,Pathogens,Epstein Barr virus (EBV),D020031,EBV,2.1,No,EBNA-4,P03203,AVFDRKSDAK,5316,HLA-A*011,PBMC,CD8,NA,NA,NA,NA,TRBV28,NA,TRBJ2-2,No,NA,NA,9207000,NA
CALIQGAQKLVF,CASSLEPGRNEKLF,Human,Pathogens,Epstein Barr virus (EBV),D020031,EBV,2.1,No,EBNA-4,P03203,IVTDFSVIK,29466,HLA-A*011,PBMC,NA,NA,NA,TRAV9,TRAJ54,TRBV7-08,NA,TRBJ1-4,No,NA,NA,9207000,NA
NA,CASSLSRGLLNEAF,Human,Pathogens,Epstein Barr virus (EBV),D020031,EBV,2.1,No,EBNA-4,P03203,IVTDFSVIK,29466,HLA-A*011,PBMC,NA,NA,NA,NA,NA,TRBV27,NA,TRBJ1-1,No,NA,NA,9207000,NA
NA,CASSLTSAAGELF,Human,Pathogens,Epstein Barr virus (EBV),D020031,EBV,2.1,No,EBNA-4,P03203,AVFDRKSDAK,5316,HLA-A*011,PBMC,CD8,NA,NA,NA,NA,TRBV28,NA,TRBJ2-2,No,NA,NA,9207000,NA
NA,CASSPTSAAGELF,Human,Pathogens,Epstein Barr virus (EBV),D020031,EBV,2.1,No,EBNA-4,P03203,AVFDRKSDAK,5316,HLA-A*011,PBMC,CD8,NA,NA,NA,NA,TRBV28,NA,TRBJ2-2,No,NA,NA,9207000,NA
CAVGDNFNKFYF,CASSRTSATGELF,Human,Pathogens,Epstein Barr virus (EBV),D020031,EBV,2.1,No,EBNA-4,P03203,AVFDRKSDAK,5316,HLA-A*011,PBMC,CD8,NA,NA,TRAV1-4,TRAJ21,TRBV28,NA,TRBJ2-2,No,NA,NA,9207000,NA
CAVSGYGNMLTF,CASSVAESPGYPPLVTEAF,Human,Pathogens,Epstein Barr virus (EBV),D020031,EBV,2.1,No,EBNA-4,P03203,IVTDFSVIK,29466,HLA-A*011,PBMC,NA,NA,NA,TRAV1-2,TRAJ39,TRBV9,NA,TRBJ1-1,No,NA,NA,9207000,NA
CAVFYSGGSNYKLTF,CASSVGDGGANTQYF,Human,Pathogens,Epstein Barr virus (EBV),D020031,EBV,2.1,No,EBNA-4,P03203,IVTDFSVIK,29466,HLA-A*011,PBMC,NA,NA,NA,TRAV28,TRAJ53,TRBV9,NA,TRBJ2-3,No,NA,NA,9207000,NA
CAVSDITYKYIF,CASSVTSATGELF,Human,Pathogens,Epstein Barr virus (EBV),D020031,EBV,2.1,No,EBNA-4,P03203,AVFDRKSDAK,5316,HLA-A*011,PBMC,CD8,NA,NA,TRAV16,TRAJ40,TRBV28,NA,TRBJ2-2,No,NA,NA,9207000,NA
CALMVYGGSQGNLIF,CASSWGGAAQF,Human,Pathogens,Epstein Barr virus (EBV),D020031,EBV,2.1,No,EBNA-4,P03203,IVTDFSVIK,29466,HLA-A*011,PBMC,NA,NA,NA,TRAV2-1,TRAJ42,TRBV25-01,NA,TRBJ2-1,No,NA,NA,9207000,NA
CAGQLRNNLFF,CASTTGGATGYTF,Human,Pathogens,Epstein Barr virus (EBV),D020031,EBV,2.1,No,EBNA-4,P03203,IVTDFSVIK,29466,HLA-A*011,PBMC,NA,NA,NA,TRAV25,TRAJ36,TRBV2,NA,TRBJ1-2,No,NA,NA,9207000,NA
NA,CATGPRANTGELF,Human,Pathogens,Epstein Barr virus (EBV),D020031,EBV,2.1,No,EBNA-4,P03203,AVFDRKSDAK,5316,HLA-A*011,PBMC,NA,NA,NA,NA,NA,TRBV28,NA,TRBJ2-2,No,NA,NA,9207000,NA
CAASTGNNRKLIWF,CSASLYGRGQPQHF,Human,Pathogens,Epstein Barr virus (EBV),D020031,EBV,2.1,No,EBNA-4,P03203,IVTDFSVIK,29466,HLA-A*011,PBMC,NA,NA,NA,TRAV21,TRAJ38,TRBV20-01,NA,TRBJ1-5,No,NA,NA,9207000,NA
NA,CASSSGNTLYF,Mouse,Other,Graft Vs Host Disease,D006086,NA,2.2,No,ATP dependent rna helicase ddx3y,Q62095,NAGFNSNRANSSRSS,137431,H-2b,Skin,CD4,NA,NA,NA,NA,TRBV7,NA,TRBJ1-3,No,NA,C57BL/6,9531297,NA
NA,CASSAQGSYAEQF,Mouse,Other,Allograft rejection,D014182,NA,3,No,NA,NA,NA,NA,H-2b,Skin,CD4,NA,NA,NA,NA,TRBV8-03,NA,TRBJ2-1,No,NA,BALB/B,9548462,NA
NA,CASSAQGSYAEQF,Mouse,Other,Allograft rejection,D014182,NA,3,No,NA,NA,NA,NA,H-2b,Skin,CD4,NA,NA,NA,NA,TRBV8-04,NA,TRBJ2-1,No,NA,BALB/B,9548462,NA
NA,CASSAQGSYAEQF,Mouse,Other,Allograft rejection,D014182,NA,3,No,NA,NA,NA,NA,H-2b,Skin,CD4,NA,NA,NA,NA,TRBV8-05,NA,TRBJ2-1,No,NA,BALB/B,9548462,NA
NA,CASSAQGSYAEQF,Mouse,Other,Allograft rejection,D014182,NA,3,No,NA,NA,NA,NA,H-2b,Skin,CD4,NA,NA,NA,NA,TRBV8-06,NA,TRBJ2-1,No,NA,BALB/B,9548462,NA
NA,CASSAQGSYAEQF,Mouse,Other,Allograft rejection,NA,H4 peptide,3,No,NA,NA,NA,NA,H-2b,Skin,CD4,NA,NA,NA,NA,TRBV8-03,NA,TRBJ2-1,No,NA,C57BL/10,9548462,NA
NA,CASSAQGSYAEQF,Mouse,Other,Allograft rejection,NA,H4 peptide,3,No,NA,NA,NA,NA,H-2b,Skin,CD4,NA,NA,NA,NA,TRBV8-04,NA,TRBJ2-1,No,NA,C57BL/10,9548462,NA
NA,CASSAQGSYAEQF,Mouse,Other,Allograft rejection,NA,H4 peptide,3,No,NA,NA,NA,NA,H-2b,Skin,CD4,NA,NA,NA,NA,TRBV8-05,NA,TRBJ2-1,No,NA,C57BL/10,9548462,NA
NA,CASSAQGSYAEQF,Mouse,Other,Allograft rejection,NA,H4 peptide,3,No,NA,NA,NA,NA,H-2b,Skin,CD4,NA,NA,NA,NA,TRBV8-06,NA,TRBJ2-1,No,NA,C57BL/10,9548462,NA
NA,CASSDQGNYAEQF,Mouse,Other,Allograft rejection,D014182,NA,3,No,NA,NA,NA,NA,H-2b,Skin,CD4,NA,NA,NA,NA,TRBV8-02,NA,TRBJ2-1,No,NA,BALB/B,9548462,NA
NA,CASSDQGNYAEQF,Mouse,Other,Allograft rejection,NA,H4 peptide,3,No,NA,NA,NA,NA,H-2b,Skin,CD4,NA,NA,NA,NA,TRBV8-02,NA,TRBJ2-1,No,NA,C57BL/10,9548462,NA
NA,CASSEQGNYAEQF,Mouse,Other,Allograft rejection,D014182,NA,3,No,NA,NA,NA,NA,H-2b,Skin,CD4,NA,NA,NA,NA,TRBV8-02,NA,TRBJ2-1,No,NA,BALB/B,9548462,NA
NA,CASSEQGNYAEQF,Mouse,Other,Allograft rejection,D014182,NA,3,No,NA,NA,NA,NA,H-2b,Skin,CD4,NA,NA,NA,NA,TRBV8-01,NA,TRBJ2-1,No,NA,BALB/B,9548462,NA
NA,CASSEQGNYAEQF,Mouse,Other,Allograft rejection,NA,H4 peptide,3,No,NA,NA,NA,NA,H-2b,Skin,CD4,NA,NA,NA,NA,TRBV8-02,NA,TRBJ2-1,No,NA,C57BL/10,9548462,NA
NA,CASSEQGNYAEQF,Mouse,Other,Allograft rejection,NA,H4 peptide,3,No,NA,NA,NA,NA,H-2b,Skin,CD4,NA,NA,NA,NA,TRBV8-01,NA,TRBJ2-1,No,NA,C57BL/10,9548462,NA
NA,CASSGQGNYAEQF,Mouse,Other,Allograft rejection,D014182,NA,3,No,NA,NA,NA,NA,H-2b,Skin,CD4,NA,NA,NA,NA,TRBV8-02,NA,TRBJ2-1,No,NA,BALB/B,9548462,NA
NA,CASSGQGNYAEQF,Mouse,Other,Allograft rejection,NA,H4 peptide,3,No,NA,NA,NA,NA,H-2b,Skin,CD4,NA,NA,NA,NA,TRBV8-02,NA,TRBJ2-1,No,NA,C57BL/10,9548462,NA
NA,CASSFGVNSDYTF,Mouse,Pathogens,Vesicular stomatitis virus,C508900,TCR a Chain Transgenic Mice in a TCR,2.1,No,Nuclear protein of vesicular stomatitis Indiana virus,P03519,RGYVYQGL,54039,H-2kb,NA,CD8,NA,NA,NA,NA,TRBV13,NA,TRBJ1-2,No,NA,C57BL/6,9560256,NA
NA,CASSFGVSYEQYF,Mouse,Pathogens,Vesicular stomatitis virus,C508900,TCR a Chain Transgenic Mice in a TCR,2.1,No,Nuclear protein of vesicular stomatitis Indiana virus,P03519,RGYVYQGL,54039,H-2kb,NA,CD8,NA,NA,NA,NA,TRBV13,NA,TRBJ2-7,No,NA,C57BL/6,9560256,NA
NA,CASSFHISYNSPLYF,Mouse,Pathogens,Vesicular stomatitis virus,C508900,a-Deficient Background,2.1,No,Nuclear protein of vesicular stomatitis Indiana virus,P03519,RGYVYQGL,54039,H-2kb,NA,CD8,NA,NA,NA,NA,TRBV13,NA,TRBJ1-6,No,NA,C57BL/6,9560256,NA
NA,CASSFRDGTNTEVF,Mouse,Pathogens,Vesicular stomatitis virus,C508900,a-Deficient Background,2.1,No,Nuclear protein of vesicular stomatitis Indiana virus,P03519,RGYVYQGL,54039,H-2kb,NA,CD8,NA,NA,NA,NA,TRBV13,NA,TRBJ1-1,No,NA,C57BL/6,9560256,NA
NA,CASSFRDSGNTLYF,Mouse,Pathogens,Vesicular stomatitis virus,C508900,TCR a Chain Transgenic Mice in a TCR,2.1,No,Nuclear protein of vesicular stomatitis Indiana virus,P03519,RGYVYQGL,54039,H-2kb,NA,CD8,NA,NA,NA,NA,TRBV13,NA,TRBJ1-3,No,NA,C57BL/6,9560256,NA
NA,CASSFVGSYEQYF,Mouse,Pathogens,Vesicular stomatitis virus,C508900,TCR a Chain Transgenic Mice in a TCR,2.1,No,Nuclear protein of vesicular stomatitis Indiana virus,P03519,RGYVYQGL,54039,H-2kb,NA,CD8,NA,NA,NA,NA,TRBV13,NA,TRBJ2-7,No,NA,C57BL/6,9560256,NA
NA,CASSLGTGGKQF,Mouse,Pathogens,Vesicular stomatitis virus,C508900,a-Deficient Background,2.1,No,Nuclear protein of vesicular stomatitis Indiana virus,P03519,RGYVYQGL,54039,H-2kb,NA,CD8,NA,NA,NA,NA,TRBV13,NA,TRBJ2-1,No,NA,C57BL/6,9560256,NA
NA,CASSLGVGDTQYF,Mouse,Pathogens,Vesicular stomatitis virus,C508900,a-Deficient Background,2.1,No,Nuclear protein of vesicular stomatitis Indiana virus,P03519,RGYVYQGL,54039,H-2kb,NA,CD8,NA,NA,NA,NA,TRBV13,NA,TRBJ2-5,No,NA,C57BL/6,9560256,NA
NA,CASSPGTGQAPLF,Mouse,Pathogens,Vesicular stomatitis virus,C508900,a-Deficient Background,2.1,No,Nuclear protein of vesicular stomatitis Indiana virus,P03519,RGYVYQGL,54039,H-2kb,NA,CD8,NA,NA,NA,NA,TRBV13,NA,TRBJ1-5,No,NA,C57BL/6,9560256,NA
NA,CASSPGTGVEQYF,Mouse,Pathogens,Vesicular stomatitis virus,C508900,TCR a Chain Transgenic Mice in a TCR,2.1,No,Nuclear protein of vesicular stomatitis Indiana virus,P03519,RGYVYQGL,54039,H-2kb,NA,CD8,NA,NA,NA,NA,TRBV13,NA,TRBJ2-7,No,NA,C57BL/6,9560256,NA
NA,CASSDRSRYEQYF,Human,Cancer,Carcinoma,D002289,Non-small-cell lung cancer,3,No,NA,NA,NA,NA,NA,Lung,NA,NA,NA,NA,NA,TRBV21,NA,TRBJ2-7,No,NA,NA,10188720,NA
NA,CASSLGGGEQYF,Human,Cancer,Carcinoma,D002289,Non-small-cell lung cancer,3,No,NA,NA,NA,NA,NA,Lung,NA,NA,NA,NA,NA,TRBV21,NA,TRBJ2-7,No,NA,NA,10188720,NA
NA,CASSLGIPSLSTYNEQF,Human,Cancer,Carcinoma,D002289,Non-small-cell lung cancer,3,No,NA,NA,NA,NA,NA,Lung,NA,NA,NA,NA,NA,TRBV21,NA,TRBJ2-1,No,NA,NA,10188720,NA
NA,CASSLVGARSYEQYF,Human,Cancer,Carcinoma,D002289,Non-small-cell lung cancer,3,No,NA,NA,NA,NA,NA,Lung,NA,NA,NA,NA,NA,TRBV21,NA,TRBJ2-7,No,NA,NA,10188720,NA
NA,CASSNLAETYTQYF,Human,Cancer,Carcinoma,D002289,Non-small-cell lung cancer,3,No,NA,NA,NA,NA,NA,Lung,NA,NA,NA,NA,NA,TRBV21,NA,TRBJ2-5,No,NA,NA,10188720,NA
NA,CASSPGTEDGYTF,Human,Cancer,Carcinoma,D002289,Non-small-cell lung cancer,3,No,NA,NA,NA,NA,NA,PBMC,NA,NA,NA,NA,NA,TRBV21,NA,TRBJ1-2,No,NA,NA,10188720,NA
NA,CASSPGTEDGYTF,Human,Cancer,Carcinoma,D002289,Non-small-cell lung cancer,3,No,NA,NA,NA,NA,NA,Lung,NA,NA,NA,NA,NA,TRBV21,NA,TRBJ1-2,No,NA,NA,10188720,NA
NA,CASSPLGRIANYGYTF,Human,Cancer,Carcinoma,D002289,Non-small-cell lung cancer,3,No,NA,NA,NA,NA,NA,Lung,NA,NA,NA,NA,NA,TRBV21,NA,TRBJ1-2,No,NA,NA,10188720,NA
NA,CASSRGPYEQYF,Human,Cancer,Carcinoma,D002289,Non-small-cell lung cancer,3,No,NA,NA,NA,NA,NA,Lung,NA,NA,NA,NA,NA,TRBV21,NA,TRBJ2-7,No,NA,NA,10188720,NA
NA,CASSTDRDRYEQYF,Human,Cancer,Carcinoma,D002289,Non-small-cell lung cancer,3,No,NA,NA,NA,NA,NA,Lung,NA,NA,NA,NA,NA,TRBV21,NA,TRBJ2-7,No,NA,NA,10188720,NA
NA,CASSTDRSRYEQYF,Human,Cancer,Carcinoma,D002289,Non-small-cell lung cancer,3,No,NA,NA,NA,NA,NA,Lung,NA,NA,NA,NA,NA,TRBV21,NA,TRBJ2-7,No,NA,NA,10188720,NA
NA,CASSWGFYEQYF,Human,Cancer,Carcinoma,D002289,Non-small-cell lung cancer,3,No,NA,NA,NA,NA,NA,Lung,NA,NA,NA,NA,NA,TRBV21,NA,TRBJ2-7,No,NA,NA,10188720,NA
NA,CASSLGGNQDTQYF,Mouse,Autoimmune,Diabetes Type 1,D003922,NA,2.1,No,HSP60,P10809,VLGGGVALLRVIPALDSLTPANED,69503,H-2g7,"Thymus, Spleen",CD4,NA,NA,NA,NA,TRBV12,NA,TRBJ2-5,No,GCCAGCAGTTTAGGGTAACCAAGAC,NOD,10360969,NA
NA,CASSSLGGNQDTQYF,Mouse,Autoimmune,Diabetes Type 1,D003922,NA,2.1,No,HSP60,P10809,VLGGGVALLRVIPALDSLTPANED,69503,H-2g7,"Thymus, Spleen",CD4,NA,NA,NA,NA,TRBV11,NA,TRBJ2-5,No,GCCAGCAGACTGGGAAACCAAGAC,NOD,10360969,NA
CASARQNERLFF,CASARQNERLF,Mouse,Cancer,Tumor,D009369,NA,2.2,No,T72(Tn),NA,VITAFTEGLK,693671,H-2k,NA,NA,NA,TGTGCCAGCGCGCGACAGAACGAAAGATTATTTTTCGGT,TRAV4,TRAJ44,TRBV8,NA,TRBJ1-4,No,TGTGCCAGCAGCCAGAACAGAAACACAGAAGTCTTCTTTGGT,CBA/J,10508250,NA
CASARQNERLFF,CASARQNERLF,Mouse,Cancer,Tumor,NA,glycosylated HbO peptide,2.1,No,NA,NA,VITAFNGELK,693671,H-2k,NA,NA,NA,TGTGCCAGCGCGCGACAGAACGAAAGATTATTTTTCGGT,TRAV4,TRAJ44,TRBV8,NA,TRBJ1-4,No,TGTGCCAGCAGCCAGAACAGAAACACAGAAGTCTTCTTTGGT,CBA/J,10508250,NA
CAMGTGSGGKLTLGF,CASASGTGNTLYF,Mouse,Cancer,Tumor,D009369,NA,2.2,No,T72(Tn),NA,VITAFTEGLK,693671,H-2k,NA,NA,NA,NA,TRAV10,TRAJ36,TRBV8,NA,TRBJ2-4,No,TGTGCCAGCAGCCAAGTGCAGGGTAGGGGGTATGCTGAGCAGTTCTTCGGA,CBA/J,10508250,NA
CAMGTGSGGKLTLGF,CASASGTGNTLYF,Mouse,Cancer,Tumor,NA,glycosylated HbO,2.2,No,Hemogloblin-like protein HbO,NA,NA,NA,H-2k,NA,NA,NA,NA,TRAV10,TRAJ36,TRBV8,NA,TRBJ2-4,No,TGTGCCAGCAGCCAAGTGCAGGGTAGGGGGTATGCTGAGCAGTTCTTCGGA,CBA/J,10508250,NA
NA,CASGRQNQRLF,Mouse,Cancer,Tumor,D009369,NA,2.2,No,T72(Tn),NA,VITAFTEGLK,693671,H-2k,NA,NA,NA,NA,NA,NA,TRBV8,NA,TRBJ1-4,No,TGTGCCAGCGCGCGACAGAACGAAAGATTATTTTTCGGT,CBA/J,10508250,NA
NA,CASGRQNQRLF,Mouse,Cancer,Tumor,NA,glycosylated HbO peptide,2.1,No,NA,NA,VITAFNGELK,693671,H-2k,NA,NA,NA,NA,NA,NA,TRBV8,NA,TRBJ1-4,No,TGTGCCAGCGCGCGACAGAACGAAAGATTATTTTTCGGT,CBA/J,10508250,NA
CAASNGAKLTF,CASSCRRPGISNERLF,Mouse,Cancer,Tumor,D009369,NA,2.2,No,T72(Tn),NA,VITAFTEGLK,693671,H-2k,NA,NA,NA,TGTGCAGCAAGTAATAATGCAGGTGCCAAGCTCACATTCGGA,TRAV2,TRAJ32,TRBV2,NA,TRBJ1-4,No,TGTGCCAGCAGCCAAGTCCGGGACAGGGGTGCTGAGCAGTTCTTCGGA,CBA/J,10508250,NA
CADASSGSWQLIF,CASSDGQGNQNTLYF,Mouse,Cancer,Tumor,D009369,NA,2.2,No,T72(Tn),NA,VITAFTEGLK,693671,H-2k,NA,NA,NA,TGTGCAGATGCATCTTCTGGCAGCTGGCAACTCATCTTTGGA,TRAV1,TRAJ17,TRBV1,NA,TRBJ2-4,No,TGTGCCAGCAGCGATGGACAGGGGAATCAAAACACCTTGTACTTTGGT,CBA/J,10508250,NA
CALRNNNPRFG,CASSDGQGNQNTLYF,Mouse,Cancer,Tumor,D009369,NA,2.2,No,T72(Tn),NA,VITAFTEGLK,693671,H-2k,NA,NA,NA,TGTGCTCTGAGGAATAACAACAATGCCCCACGATTTGGA,TRAV4,TRAJ35,TRBV1,NA,TRBJ2-4,No,TGTGCCAGCAGCCCCCGGACAGGGATAAACACCGGGCAGCTCTACTTTGGT,CBA/J,10508250,NA
CADASSGSWQLIF,CASSDGQGNQNTLYF,Mouse,Cancer,Tumor,NA,glycosylated HbO,2.2,No,Hemogloblin-like protein HbO,NA,NA,NA,H-2k,NA,NA,NA,TGTGCAGATGCATCTTCTGGCAGCTGGCAACTCATCTTTGGA,TRAV1,TRAJ17,TRBV1,NA,TRBJ2-4,No,TGTGCCAGCAGCGATGGACAGGGGAATCAAAACACCTTGTACTTTGGT,CBA/J,10508250,NA
CALRNNNNAPRFG,CASSDGQGNQNTLYF,Mouse,Cancer,Tumor,NA,glycosylated HbO,2.2,No,Hemogloblin-like protein HbO,NA,NA,NA,H-2k,NA,NA,NA,TGTGCTCTGAGGAATAACAACAATGCCCCACGATTTGGA,TRAV4,TRAJ35,TRBV1,NA,TRBJ2-4,No,TGTGCCAGCAGCCCCCGGACAGGGATAAACACCGGGCAGCTCTACTTTGGT,CBA/J,10508250,NA
CAVSLSGSFNKLTF,CASSGGRDNSYEQYF,Mouse,Cancer,Tumor,D009369,NA,2.2,No,T72(Tn),NA,VITAFTEGLK,693671,H-2k,NA,NA,NA,TGCGCAGTCAGTCTATCTGGTAGCTTCAATAAGTTGACCTTTGGA,TRAV5,TRAJ4,TRBV8,NA,TRBJ2-7,No,TGTGCCAGCAGCGGAGGGAGGGACAACTCCTATGAACAGTACTTCGGT,CBA/J,10508250,NA
CAVGIDRGSALGRLHF,CASSGGRDNSYEQYF,Mouse,Cancer,Tumor,D009369,NA,2.2,No,T72(Tn),NA,VITAFTEGLK,693671,H-2k,NA,NA,NA,TGTGCTGTGGGTATAGATAGAGGTTCAGCCTTAGGGAGGCTGCATTTTGGA,TRAV19,TRAJ15,TRBV8,NA,TRBJ2-7,No,TGTGCCAGCAGCCAAAGCGCTGGGGGGGGAGAGGAACAGTACTTCGGT,CBA/J,10508250,NA
CAVSLSGSFNKLTF,CASSGGRDNSYEQYF,Mouse,Cancer,Tumor,NA,glycosylated HbO,2.2,No,Hemogloblin-like protein HbO,NA,NA,NA,H-2k,NA,NA,NA,TGCGCAGTCAGTCTATCTGGTAGCTTCAATAAGTTGACCTTTGGA,TRAV5,TRAJ4,TRBV8,NA,TRBJ2-7,No,TGTGCCAGCAGCGGAGGGAGGGACAACTCCTATGAACAGTACTTCGGT,CBA/J,10508250,NA
CAVGIDRGSALGRLHF,CASSGGRDNSYEQYF,Mouse,Cancer,Tumor,NA,glycosylated HbO,2.2,No,Hemogloblin-like protein HbO,NA,NA,NA,H-2k,NA,NA,NA,TGTGCTGTGGGTATAGATAGAGGTTCAGCCTTAGGGAGGCTGCATTTTGGA,TRAV19,TRAJ15,TRBV8,NA,TRBJ2-7,No,TGTGCCAGCAGCCAAAGCGCTGGGGGGGGAGAGGAACAGTACTTCGGT,CBA/J,10508250,NA
CAVSMSPPSSFSKLVF,CASSPRTGINTGQLYF,Mouse,Cancer,Tumor,D009369,NA,2.2,No,T72(Tn),NA,VITAFTEGLK,693671,H-2k,NA,NA,NA,TGTGCTGTGAGCATGTCCCCACCCTCCTCCTTCAGCAAGCTGGTGTTTGG,TRAV3,TRAJ42,TRBV1,NA,TRBJ2-2,No,TGTGCCAGCGGCCGACAGAACCAAAGATTATTTTTCGG,CBA/J,10508250,NA
CAVSMSPPSSFSKLVF,CASSPRTGINTGQLYF,Mouse,Cancer,Tumor,NA,glycosylated HbO peptide,2.1,No,NA,NA,VITAFNGELK,693671,H-2k,NA,NA,NA,TGTGCTGTGAGCATGTCCCCACCCTCCTCCTTCAGCAAGCTGGTGTTTGG,TRAV3,TRAJ42,TRBV1,NA,TRBJ2-2,No,TGTGCCAGCGGCCGACAGAACCAAAGATTATTTTTCGG,CBA/J,10508250,NA
CALTVTSGGNYKPTF,CASSQEKGLGGREQYF,Mouse,Cancer,Tumor,D009369,NA,2.2,No,T72(Tn),NA,VITAFTEGLK,693671,H-2k,NA,NA,NA,TGTGCTCTGACCGTCACCTCAGGAGGAAACTACAAACCTACGTTTGGG,TRAV4,TRAJ6,TRBV1,NA,TRBJ2-7,No,TGTGCCAGCAGCCAAGGGGGCGGAGACACCCAGTACTTTGGG,CBA/J,10508250,NA
CALTVTSGGNYKPTF,CASSQEKGLGGREQYF,Mouse,Cancer,Tumor,NA,glycosylated HbO,2.2,No,Hemogloblin-like protein HbO,NA,NA,NA,H-2k,NA,NA,NA,TGTGCTCTGACCGTCACCTCAGGAGGAAACTACAAACCTACGTTTGGG,TRAV4,TRAJ6,TRBV1,NA,TRBJ2-7,No,TGTGCCAGCAGCCAAGGGGGCGGAGACACCCAGTACTTTGGG,CBA/J,10508250,NA
CALGEGGSGNKLIF,CASSQGGGDTQYF,Mouse,Cancer,Tumor,D009369,NA,2.2,No,T72(Tn),NA,VITAFTEGLK,NA,H-2k,NA,NA,NA,TGTGCTCTCGGTGAGGGGGGCAGTGGCAACAAGCTCATCTTTGGA,TRAV4,TRAJ25,TRBV1,NA,TRBJ2-5,No,TGTGCCAGCGCGTCCGGGACCGGAAACACCTTGTACTTTGGT,CBA/J,10508250,NA
CALGEGGSGNKLIF,CASSQGGGDTQYF,Mouse,Cancer,Tumor,NA,glycosylated HbO,2.2,No,Hemogloblin-like protein HbO,NA,NA,NA,H-2k,NA,NA,NA,TGTGCTCTCGGTGAGGGGGGCAGTGGCAACAAGCTCATCTTTGGA,TRAV4,TRAJ25,TRBV1,NA,TRBJ2-5,No,TGTGCCAGCGCGTCCGGGACCGGAAACACCTTGTACTTTGGT,CBA/J,10508250,NA
NA,CASSQGQGAGQNTLYF,Mouse,Cancer,Tumor,D009369,NA,2.2,No,T72(Tn),NA,VITAFTEGLK,693671,H-2k,NA,NA,NA,NA,NA,NA,TRBV4,NA,TRBJ2-4,No,NA,CBA/J,10508250,NA
NA,CASSQGQGAGQNTLYF,Mouse,Cancer,Tumor,NA,glycosylated HbO peptide,2.1,No,NA,NA,VITAFNGELK,693671,H-2k,NA,NA,NA,NA,NA,NA,TRBV4,NA,TRBJ2-4,No,NA,CBA/J,10508250,NA
CALLSGSFNKLTF,CASSQNRGGTEVF,Mouse,Cancer,Tumor,D009369,NA,2.2,No,T72(Tn),NA,VITAFTEGLK,693671,H-2k,NA,NA,NA,TGTGCTCTCCTTTCTGGTAGCTTCAATAAGTTGACCTTTGGA,TRAV4,TRAJ4,TRBV4,NA,TRBJ1-1,No,TGTGCCAGCAGCCAAGAGAAAGGACTGGGGGGGCGTGAACAGTACTTCGGT,CBA/J,10508250,NA
CALLSGSFNKLTF,CASSQNRGGTEVF,Mouse,Cancer,Tumor,NA,glycosylated HbO,2.2,No,Hemogloblin-like protein HbO,NA,NA,NA,H-2k,NA,NA,NA,TGTGCTCTCCTTTCTGGTAGCTTCAATAAGTTGACCTTTGGA,TRAV4,TRAJ4,TRBV4,NA,TRBJ1-1,No,TGTGCCAGCAGCCAAGAGAAAGGACTGGGGGGGCGTGAACAGTACTTCGGT,CBA/J,10508250,NA
CALSVNNYAQGLTF,CASSQNRNTEVF,Mouse,Cancer,Tumor,D009369,NA,2.2,No,T72(Tn),NA,VITAFTEGLK,693671,H-2k,NA,NA,NA,TGTGCTCTGAGTGTAAATAACTATGCCCAGGGATTAACCTTCGGT,TRAV4,TRAJ20,TRBV4,NA,TRBJ1-1,No,TGTGCCAGCAGCCAGAACAGAAACACAGAAGTCTTCTTTGGT,CBA/J,10508250,NA
CAVLNTGNYKYVF,CASSQNRNTEVF,Mouse,Cancer,Tumor,D009369,NA,2.2,No,T72(Tn),NA,VITAFTEGLK,693671,H-2k,NA,NA,NA,TGCGCAGTCCTTAATACAGGAAACTACAAATACGTCTTTGGA,TRAV5,TRAJ33,TRBV4,NA,TRBJ1-1,No,TGTGCCAGCAGCCAGGGACAGGGGGCAGGTCAAAACACCTTGTACTTTGGT,CBA/J,10508250,NA
CALSVNNYAQGLTF,CASSQNRNTEVF,Mouse,Cancer,Tumor,NA,glycosylated HbO peptide,2.1,No,NA,NA,VITAFNGELK,693671,H-2k,NA,NA,NA,TGTGCTCTGAGTGTAAATAACTATGCCCAGGGATTAACCTTCGGT,TRAV4,TRAJ20,TRBV4,NA,TRBJ1-1,No,TGTGCCAGCAGCCAGAACAGAAACACAGAAGTCTTCTTTGGT,CBA/J,10508250,NA
CAVLNTGNYKYVF,CASSQNRNTEVF,Mouse,Cancer,Tumor,NA,glycosylated HbO peptide,2.1,No,NA,NA,VITAFNGELK,693671,H-2k,NA,NA,NA,TGCGCAGTCCTTAATACAGGAAACTACAAATACGTCTTTGGA,TRAV5,TRAJ33,TRBV4,NA,TRBJ1-1,No,TGTGCCAGCAGCCAGGGACAGGGGGCAGGTCAAAACACCTTGTACTTTGGT,CBA/J,10508250,NA
CAAGVGGSGNKLIF,CASSQSAGGGEEQYF,Mouse,Cancer,Tumor,D009369,NA,2.2,No,T72(Tn),NA,VITAFTEGLK,693671,H-2k,NA,NA,NA,TGCGCAGCAGGTGTGGGGGGCAGTGGCAACAAGCTCATCTTTGGA,TRAV20,TRAJ25,TRBV1,NA,TRBJ2-7,No,TGTAGTTCTAGAGCAAAACAGGGGGCAAACACAGAAGTCTTCTTTGGT,CBA/J,10508250,NA
CAAGVGGSGNKLIF,CASSQSAGGGEEQYF,Mouse,Cancer,Tumor,NA,glycosylated HbO,2.2,No,Hemogloblin-like protein HbO,NA,NA,NA,H-2k,NA,NA,NA,TGCGCAGCAGGTGTGGGGGGCAGTGGCAACAAGCTCATCTTTGGA,TRAV20,TRAJ25,TRBV1,NA,TRBJ2-7,No,TGTAGTTCTAGAGCAAAACAGGGGGCAAACACAGAAGTCTTCTTTGGT,CBA/J,10508250,NA
CALGAHTGGNNKLTF,CASSQVQGRGYAEQF,Mouse,Cancer,Tumor,D009369,NA,2.2,No,T72(Tn),NA,VITAFTEGLK,693671,H-2k,NA,NA,NA,TGTGCTCTGGGTGCCCATACTGGAGGCAATAATAAGCTGACTTTTGG,TRAV4,TRAJ47,TRBV1,NA,TRBJ2-1,No,TGTGCCAGCAGCCAAGTCCGGGACAGGGGTGCTGAGCAGTTCTTCGGA,CBA/J,10508250,NA
CALGAHTGGNNKLTF,CASSQVQGRGYAEQF,Mouse,Cancer,Tumor,NA,glycosylated HbO,2.2,No,Hemogloblin-like protein HbO,NA,NA,NA,H-2k,NA,NA,NA,TGTGCTCTGGGTGCCCATACTGGAGGCAATAATAAGCTGACTTTTGG,TRAV4,TRAJ47,TRBV1,NA,TRBJ2-1,No,TGTGCCAGCAGCCAAGTCCGGGACAGGGGTGCTGAGCAGTTCTTCGGA,CBA/J,10508250,NA
NA,CASSQVRDRGAEQF,Mouse,Cancer,Tumor,D009369,NA,2.2,No,T72(Tn),NA,VITAFTEGLK,693671,H-2k,NA,NA,NA,NA,TRAV4,NA,TRBV1,NA,TRBJ2-1,No,NA,CBA/J,10508250,NA
CAVSGGINYKLTF,CASSQVRDRGAEQF,Mouse,Cancer,Tumor,D009369,NA,2.2,No,T72(Tn),NA,VITAFTEGLK,693671,H-2k,NA,NA,NA,TGTGCAGTTAGTGGAGGCATCAATTACAAACTGACATTTGGG,TRAV1,TRAJ45,TRBV1,NA,TRBJ2-1,No,TGTGCCAGCAGCCAAGTCCGGGACAGGGGTGCTGAGCAGTTCTTCGGA,CBA/J,10508250,NA
CAVSIRDTGNYKYVF,CASSQVRDRGAEQF,Mouse,Cancer,Tumor,D009369,NA,2.2,No,T72(Tn),NA,VITAFTEGLK,693671,H-2k,NA,NA,NA,TGTGCTGTGAGCATAAGGGATACAGGAAACTACAAATACGTCTTTGGA,TRAV3,TRAJ33,TRBV1,NA,TRBJ2-1,No,TGTGGTGCTAGGGATCTGGGTAGTGCAGAAACGCTGTATTTTGGC,CBA/J,10508250,NA
NA,CASSQVRDRGAEQF,Mouse,Cancer,Tumor,NA,glycosylated HbO,2.2,No,Hemogloblin-like protein HbO,NA,NA,NA,H-2k,NA,NA,NA,NA,TRAV4,NA,TRBV1,NA,TRBJ2-1,No,NA,CBA/J,10508250,NA
CAVSGGINYKLTF,CASSQVRDRGAEQF,Mouse,Cancer,Tumor,NA,glycosylated HbO,2.2,No,Hemogloblin-like protein HbO,NA,NA,NA,H-2k,NA,NA,NA,TGTGCAGTTAGTGGAGGCATCAATTACAAACTGACATTTGGG,TRAV1,TRAJ45,TRBV1,NA,TRBJ2-1,No,TGTGCCAGCAGCCAAGTCCGGGACAGGGGTGCTGAGCAGTTCTTCGGA,CBA/J,10508250,NA
CAVSIRDTGNYKYVF,CASSQVRDRGAEQF,Mouse,Cancer,Tumor,NA,glycosylated HbO,2.2,No,Hemogloblin-like protein HbO,NA,NA,NA,H-2k,NA,NA,NA,TGTGCTGTGAGCATAAGGGATACAGGAAACTACAAATACGTCTTTGGA,TRAV3,TRAJ33,TRBV1,NA,TRBJ2-1,No,TGTGGTGCTAGGGATCTGGGTAGTGCAGAAACGCTGTATTTTGGC,CBA/J,10508250,NA
CAIQQGTGSKLTF,CASSSWGHNSGNTLYF,Mouse,Cancer,Tumor,D009369,NA,2.2,No,T72(Tn),NA,VITAFTEGLK,693671,H-2k,NA,NA,NA,NA,TRAV10,TRAJ49,TRBV10,NA,TRBJ1-3,No,TGTGCCAGCAGCTCCTGGGGACACAATTCTGGAAATACGCTCTATTTTGGA,CBA/J,10508250,NA
CAIQQGTGSKLTF,CASSSWGHNSGNTLYF,Mouse,Cancer,Tumor,NA,glycosylated HbO,2.2,No,Hemogloblin-like protein HbO,NA,NA,NA,H-2k,NA,NA,NA,NA,TRAV10,TRAJ49,TRBV10,NA,TRBJ1-3,No,TGTGCCAGCAGCTCCTGGGGACACAATTCTGGAAATACGCTCTATTTTGGA,CBA/J,10508250,NA
CAARGNSAGNKLTF,CGARAGGGYAEQF,Mouse,Cancer,Tumor,D009369,NA,2.2,No,T72(Tn),NA,VITAFTEGLK,693671,H-2k,NA,NA,NA,TGTGCAGCTAGGGGTAACAGTGCAGGGAACAAGCTAACTTTTGGA,TRAV1,TRAJ14,TRBV15,NA,TRBJ2-1,No,TGTGGTGCTAGAGGCAACTATGAACAGTACTTCGGT,CBA/J,10508250,NA
CAARGNSAGNKLTF,CGARAGGGYAEQF,Mouse,Cancer,Tumor,NA,glycosylated HbO,2.2,No,Hemogloblin-like protein HbO,NA,NA,NA,H-2k,NA,NA,NA,TGTGCAGCTAGGGGTAACAGTGCAGGGAACAAGCTAACTTTTGGA,TRAV1,TRAJ14,TRBV15,NA,TRBJ2-1,No,TGTGGTGCTAGAGGCAACTATGAACAGTACTTCGGT,CBA/J,10508250,NA
CALNSGGSNYKLTF,CGARANTEVF,Mouse,Cancer,Tumor,D009369,NA,2.2,No,T72(Tn),NA,VITAFTEGLK,693671,H-2k,NA,NA,NA,TGTGCTCTGAACAGTGGAGGCAGCAATTACAAACTGACATTTGGG,TRAV4,TRAJ45,TRBV15,NA,TRBJ1,No,TGTGCCAGCAGCTCCTGGGGACACAATTCTGGAAATACGCTCTATTTTGGA,CBA/J,10508250,NA
CALNSGGSNYKLTF,CGARANTEVF,Mouse,Cancer,Tumor,NA,glycosylated HbO,2.2,No,Hemogloblin-like protein HbO,NA,NA,NA,H-2k,NA,NA,NA,TGTGCTCTGAACAGTGGAGGCAGCAATTACAAACTGACATTTGGG,TRAV4,TRAJ45,TRBV15,NA,TRBJ1,No,TGTGCCAGCAGCTCCTGGGGACACAATTCTGGAAATACGCTCTATTTTGGA,CBA/J,10508250,NA
CAAGPSSSFSKLVF,CGARDLGSAETLYF,Mouse,Cancer,Tumor,D009369,NA,2.2,No,T72(Tn),NA,VITAFTEGLK,693671,H-2k,NA,NA,NA,TGCGCAGCAGGTCCATCCTCCTCCTTCAGCAAGCTGGTGTTTGGG,TRAV20,TRAJ42,TRBV15,NA,TRBJ2-3,No,TGTGGTGCTAGGGATCTGGGTAGTGCAGAAACGCTGTATTTTGGC,CBA/J,10508250,NA
CILRPPGPGYQNFYF,CGARDLGSAETLYF,Mouse,Cancer,Tumor,D009369,NA,2.2,No,T72(Tn),NA,VITAFTEGLK,693671,H-2k,NA,NA,NA,TGTATCCTGAGACCCCCCGGACCGGGTTACCAGAACTTCTATTTTGGG,TRAV6,TRAJ41,TRBV15,NA,TRBJ2-3,No,TGTGGTGCTAGGGCAGGGGGGGGGTATGCTGAGCAGTTCTTCGGA,CBA/J,10508250,NA
CAAGPSSSFSKLVF,CGARDLGSAETLYF,Mouse,Cancer,Tumor,NA,glycosylated HbO,2.2,No,Hemogloblin-like protein HbO,NA,NA,NA,H-2k,NA,NA,NA,TGCGCAGCAGGTCCATCCTCCTCCTTCAGCAAGCTGGTGTTTGGG,TRAV20,TRAJ42,TRBV15,NA,TRBJ2-3,No,TGTGGTGCTAGGGATCTGGGTAGTGCAGAAACGCTGTATTTTGGC,CBA/J,10508250,NA
CILRPPGPGYQNFYF,CGARDLGSAETLYF,Mouse,Cancer,Tumor,NA,glycosylated HbO,2.2,No,Hemogloblin-like protein HbO,NA,NA,NA,H-2k,NA,NA,NA,TGTATCCTGAGACCCCCCGGACCGGGTTACCAGAACTTCTATTTTGGG,TRAV6,TRAJ41,TRBV15,NA,TRBJ2-3,No,TGTGGTGCTAGGGCAGGGGGGGGGTATGCTGAGCAGTTCTTCGGA,CBA/J,10508250,NA
NA,CGAREGNNQAPLF,Mouse,Cancer,Tumor,D009369,NA,2.2,No,T72(Tn),NA,VITAFTEGLK,693671,H-2k,NA,NA,NA,NA,TRAV18,NA,TRBV15,NA,TRBJ1-5,No,TGTGCCAGCAGCCAGAACAGGGGAGGCACAGAAGTCTTCTTTGGT,CBA/J,10508250,NA
NA,CGAREGNNQAPLF,Mouse,Cancer,Tumor,NA,glycosylated HbO,2.2,No,Hemogloblin-like protein HbO,NA,NA,NA,H-2k,NA,NA,NA,NA,TRAV18,NA,TRBV15,NA,TRBJ1-5,No,TGTGCCAGCAGCCAGAACAGGGGAGGCACAGAAGTCTTCTTTGGT,CBA/J,10508250,NA
CAVGWNNNNRIFF,CGARGNYEQYF,Mouse,Cancer,Tumor,D009369,NA,2.2,No,T72(Tn),NA,VITAFTEGLK,693671,H-2k,NA,NA,NA,TGCGCAGTCGGCTGGAATAACAATAACAGAATCTTCTTTGGT,TRAV5,TRAJ24,TRBV15,NA,TRBJ2-7,No,TGTGCCAGCAGCGGAGGGAGGGACAACTCCTATGAACAGTACTTCGGT,CBA/J,10508250,NA
CAVGWNNNNRIFF,CGARGNYEQYF,Mouse,Cancer,Tumor,NA,glycosylated HbO,2.2,No,Hemogloblin-like protein HbO,NA,NA,NA,H-2k,NA,NA,NA,TGCGCAGTCGGCTGGAATAACAATAACAGAATCTTCTTTGGT,TRAV5,TRAJ24,TRBV15,NA,TRBJ2-7,No,TGTGCCAGCAGCGGAGGGAGGGACAACTCCTATGAACAGTACTTCGGT,CBA/J,10508250,NA
CAADRNNPRF,CGARGTGYAEQF,Mouse,Cancer,Tumor,D009369,NA,2.2,No,T72(Tn),NA,VITAFTEGLK,693671,H-2k,NA,NA,NA,TGTGCTGCTGATAGGAACAACAATGCCCCACGATTTGGA,TRAV11,TRAJ35,TRBV15,NA,TRBJ2,No,TGTGGTGCTAGGGCAAACACAGAAGTCTTCTTTGGT,CBA/J,10508250,NA
CAADRNNNAPRF,CGARGTGYAEQF,Mouse,Cancer,Tumor,NA,glycosylated HbO,2.2,No,Hemogloblin-like protein HbO,NA,NA,NA,H-2k,NA,NA,NA,TGTGCTGCTGATAGGAACAACAATGCCCCACGATTTGGA,TRAV11,TRAJ35,TRBV15,NA,TRBJ2,No,TGTGGTGCTAGGGCAAACACAGAAGTCTTCTTTGGT,CBA/J,10508250,NA
CAATGGSALGRLHF,CSSRAKQGANTEVF,Mouse,Cancer,Tumor,D009369,NA,2.2,No,T72(Tn),NA,VITAFTEGLK,693671,H-2k,NA,NA,NA,TGTGCAGCAACGGGGGGTTCAGCCTTAGGGAGGCTGCATTTTGGA,TRAV2,TRAJ15,TRBV18,NA,TRBJ1-1,No,TGTGCCAGCAGCGATGGACAGGGGAATCAAAACACCTTGTACTTTGGT,CBA/J,10508250,NA
CAATGGSALGRLHF,CSSRAKQGANTEVF,Mouse,Cancer,Tumor,NA,glycosylated HbO,2.2,No,Hemogloblin-like protein HbO,NA,NA,NA,H-2k,NA,NA,NA,TGTGCAGCAACGGGGGGTTCAGCCTTAGGGAGGCTGCATTTTGGA,TRAV2,TRAJ15,TRBV18,NA,TRBJ1-1,No,TGTGCCAGCAGCGATGGACAGGGGAATCAAAACACCTTGTACTTTGGT,CBA/J,10508250,NA
CAASNNAGAKLTF,CTCRRPGISNERLF,Mouse,Cancer,Tumor,NA,glycosylated HbO,2.2,No,Hemogloblin-like protein HbO,NA,NA,NA,H-2k,NA,NA,NA,TGTGCAGCAAGTAATAATGCAGGTGCCAAGCTCACATTCGGA,TRAV2,TRAJ32,TRBV2,NA,TRBJ1-4,No,TGTGCCAGCAGCCAAGTCCGGGACAGGGGTGCTGAGCAGTTCTTCGGA,CBA/J,10508250,NA
CALAFNGAKLTF,NA,Mouse,Cancer,Tumor,D009369,NA,2.2,No,T72(Tn),NA,VITAFTEGLK,693671,H-2k,NA,NA,NA,TGTGCTCTGGCGTTCAATAATGCAGGTGCCAAGCTCACATTCGGA,NA,TRAJ32,NA,NA,NA,No,TGCACCTGCAGGCGGCCGGGAATTTCCAACGAAAGATTATTTTTCGGT,CBA/J,10508250,NA
CALSEGNTGKLIF,NA,Mouse,Cancer,Tumor,D009369,NA,2.2,No,T72(Tn),NA,VITAFTEGLK,693671,H-2k,NA,NA,NA,TGTGCTCTGAGTGAAGGCAATACTGGAAAACTCATCTTTGG,TRAV4,TRAJ30,NA,NA,NA,No,NA,CBA/J,10508250,NA
CAAEASNTNKVVF,NA,Mouse,Cancer,Tumor,D009369,NA,2.2,No,T72(Tn),NA,VITAFTEGLK,693671,H-2k,NA,NA,NA,TGTGCTGCTGAGGCTTCCAATACCAACAAAGTCGTCTTTGGA,TRAV11,TRAJ27,NA,NA,NA,No,NA,CBA/J,10508250,NA
CALAFNNAGAKLTF,NA,Mouse,Cancer,Tumor,NA,glycosylated HbO,2.2,No,Hemogloblin-like protein HbO,NA,NA,NA,H-2k,NA,NA,NA,TGTGCTCTGGCGTTCAATAATGCAGGTGCCAAGCTCACATTCGGA,NA,TRAJ32,NA,NA,NA,No,TGCACCTGCAGGCGGCCGGGAATTTCCAACGAAAGATTATTTTTCGGT,CBA/J,10508250,NA
CALSEGNTGKLIF,NA,Mouse,Cancer,Tumor,NA,glycosylated HbO peptide,2.1,No,NA,NA,VITAFNGELK,693671,H-2k,NA,NA,NA,TGTGCTCTGAGTGAAGGCAATACTGGAAAACTCATCTTTGG,TRAV4,TRAJ30,NA,NA,NA,No,NA,CBA/J,10508250,NA
CAAEASNTNKVVF,NA,Mouse,Cancer,Tumor,NA,glycosylated HbO peptide,2.1,No,NA,NA,VITAFNGELK,693671,H-2k,NA,NA,NA,TGTGCTGCTGAGGCTTCCAATACCAACAAAGTCGTCTTTGGA,TRAV11,TRAJ27,NA,NA,NA,No,NA,CBA/J,10508250,NA
NA,CASSLGLVSYQETQYF,Human,Autoimmune,Multiple sclerosis (MS),D009103,NA,2.1,No,Myelin basic protein,P02686,ENPVVHFFKNIVTPR,13572,NA,PBMC,NA,NA,NA,NA,NA,TRBV6-05,NA,TRBJ2-5,No,NA,NA,10686174,NA
NA,CASSLKLAGNNEQF,Human,Autoimmune,Multiple sclerosis (MS),D009103,NA,2.1,No,Myelin basic protein,P02686,ENPVVHFFKNIVTPR,13572,NA,PBMC,NA,NA,NA,NA,NA,TRBV6,NA,TRBJ2-1,No,NA,NA,10686174,NA
NA,CASSLLGDGETQYF,Human,Autoimmune,Multiple sclerosis (MS),D009103,NA,2.1,No,Myelin basic protein,P02686,ENPVVHFFKNIVTPR,13572,DR3*02:02,PBMC,NA,NA,NA,NA,NA,TRBV5,NA,TRBJ2-5,No,NA,NA,10686174,NA
NA,CASSPDREAGELF,Human,Autoimmune,Multiple sclerosis (MS),D009103,NA,2.1,No,Myelin basic protein,P02686,ENPVVHFFKNIVTPR,13572,DR3*02:02,PBMC,NA,NA,NA,NA,NA,TRBV5,NA,TRBJ2-2,No,NA,NA,10686174,NA
NA,CASSQDLWNIANYGYTF,Human,Autoimmune,Multiple sclerosis (MS),D009103,NA,2.1,No,Myelin basic protein,P02686,ENPVVHFFKNIVTPR,13572,NA,PBMC,NA,NA,NA,NA,NA,TRBV9,NA,TRBJ1-2,No,NA,NA,10686174,NA
NA,CASSRGGDSSTDTQYF,Human,Autoimmune,Multiple sclerosis (MS),D009103,NA,2.1,No,Myelin basic protein,P02686,ENPVVHFFKNIVTPR,13572,NA,PBMC,NA,NA,NA,NA,NA,TRBV6-05,NA,TRBJ2-3,No,NA,NA,10686174,NA
NA,CASSRPDRGLYNEQF,Human,Autoimmune,Multiple sclerosis (MS),D009103,NA,2.1,No,Myelin basic protein,P02686,ENPVVHFFKNIVTPR,13572,DR3*02:02,PBMC,NA,NA,NA,NA,NA,TRBV9,NA,TRBJ2-1,No,NA,NA,10686174,NA
NA,CASSYPPGTVPMGNQPQHF,Human,Autoimmune,Multiple sclerosis (MS),D009103,NA,2.1,No,Myelin basic protein,P02686,ENPVVHFFKNIVTPR,13572,NA,PBMC,NA,NA,NA,NA,NA,TRBV6-03,NA,TRBJ1-5,No,NA,NA,10686174,NA
NA,CSARALLAGGLYEQYF,Human,Autoimmune,Multiple sclerosis (MS),D009103,NA,2.1,No,Myelin basic protein,P02686,ENPVVHFFKNIVTPR,13572,NA,PBMC,NA,NA,NA,NA,NA,TRBV2,NA,TRBJ2-7,No,NA,NA,10686174,NA
NA,CSARDRQSRNSPLHF,Human,Autoimmune,Multiple sclerosis (MS),D009103,NA,2.1,No,Myelin basic protein,P02686,ENPVVHFFKNIVTPR,13572,NA,PBMC,NA,NA,NA,NA,NA,TRBV2,NA,TRBJ1-6,No,NA,NA,10686174,NA
NA,CSATLAERTDTQYF,Human,Autoimmune,Multiple sclerosis (MS),D009103,NA,2.1,No,Myelin basic protein,P02686,ENPVVHFFKNIVTPR,13572,NA,PBMC,NA,NA,NA,NA,NA,TRBV2,NA,TRBJ2-3,No,NA,NA,10686174,NA
NA,CASSEEPHEKLF,Human,Cancer,Carcinoma,D002289,Non-small-cell lung cancer,2.4,No,NA,NA,NA,NA,NA,NA,CD8,NA,NA,NA,NA,TRBV22,NA,TRBJ1-4,No,NA,NA,10744655,NA
NA,CASSFGTDQPQHF,Human,Cancer,Carcinoma,D002289,Non-small-cell lung cancer,2.4,No,NA,NA,NA,NA,NA,NA,CD8,NA,NA,NA,NA,TRBV8,NA,TRBJ1-5,No,NA,NA,10744655,NA
NA,CASSPRVPGYTF,Human,Cancer,Carcinoma,D002289,Non-small-cell lung cancer,2.4,No,NA,NA,NA,NA,NA,NA,CD8,NA,NA,NA,NA,TRBV3,NA,TRBJ1-2,No,NA,NA,10744655,NA
NA,CAARAWGGVQNTLYF,Mouse,Pathogens,Herpes simplex virus 1 (HSV1),D006561,gB(1-613),1,No,Envelope glycoprotein B,P06437,RDAMDRIF,NA,H-2bxH-2z,Lymph Nodes,CD8,NA,NA,NA,NA,TRBV10,NA,TRBJ2-4,No,NA,C57BL/6,10843387,NA
NA,CASRDWGGAGQYF,Mouse,Pathogens,Herpes simplex virus 1 (HSV1),D006561,gB(1-613),1,No,Envelope glycoprotein B,P06437,RDAMDRIF,NA,H-2bxH-2z,Lymph Nodes,CD8,NA,NA,NA,NA,TRBV10,NA,TRBJ2-6,No,NA,C57BL/6,10843387,NA
NA,CASRDWGNTGQLYF,Mouse,Pathogens,Herpes simplex virus 1 (HSV1),D006561,gB(1-613),1,No,Envelope glycoprotein B,P06437,RDAMDRIF,NA,H-2bxH-2z,Lymph Nodes,CD8,NA,NA,NA,NA,TRBV10,NA,TRBJ2-2,No,NA,C57BL/6,10843387,NA
NA,CASRDWGSQNTLYF,Mouse,Pathogens,Herpes simplex virus 1 (HSV1),D006561,gB(1-613),1,No,Envelope glycoprotein B,P06437,RDAMDRIF,NA,H-2bxH-2z,Lymph Nodes,CD8,NA,NA,NA,NA,TRBV10,NA,TRBJ2-4,No,NA,C57BL/6,10843387,NA
NA,CASRDWGTQNTLYF,Mouse,Pathogens,Herpes simplex virus 1 (HSV1),D006561,gB(1-613),1,No,Envelope glycoprotein B,P06437,RDAMDRIF,NA,H-2bxH-2z,Lymph Nodes,CD8,NA,NA,NA,NA,TRBV10,NA,TRBJ2-4,No,NA,C57BL/6,10843387,NA
NA,CASRDWGVYAEQF,Mouse,Pathogens,Herpes simplex virus 1 (HSV1),D006561,gB(1-613),1,No,Envelope glycoprotein B,P06437,RDAMDRIF,NA,H-2bxH-2z,Lymph Nodes,CD8,NA,NA,NA,NA,TRBV10,NA,TRBJ2-1,No,NA,C57BL/6,10843387,NA
NA,CASRHWGSQNTLYF,Mouse,Pathogens,Herpes simplex virus 1 (HSV1),D006561,gB(1-613),1,No,Envelope glycoprotein B,P06437,RDAMDRIF,NA,H-2bxH-2z,Lymph Nodes,CD8,NA,NA,NA,NA,TRBV10,NA,TRBJ2-4,No,NA,C57BL/6,10843387,NA
NA,CASRNWGAQNTLYF,Mouse,Pathogens,Herpes simplex virus 1 (HSV1),D006561,gB(1-613),1,No,Envelope glycoprotein B,P06437,RDAMDRIF,NA,H-2bxH-2z,Lymph Nodes,CD8,NA,NA,NA,NA,TRBV10,NA,TRBJ2-4,No,NA,C57BL/6,10843387,NA
NA,CASRNWGGSQNTLYF,Mouse,Pathogens,Herpes simplex virus 1 (HSV1),D006561,gB(1-613),1,No,Envelope glycoprotein B,P06437,RDAMDRIF,NA,H-2bxH-2z,Lymph Nodes,CD8,NA,NA,NA,NA,TRBV10,NA,TRBJ2-4,No,NA,C57BL/6,10843387,NA
NA,CASRNWGTQNTLYF,Mouse,Pathogens,Herpes simplex virus 1 (HSV1),D006561,gB(1-613),1,No,Envelope glycoprotein B,P06437,RDAMDRIF,NA,H-2bxH-2z,Lymph Nodes,CD8,NA,NA,NA,NA,TRBV10,NA,TRBJ2-4,No,NA,C57BL/6,10843387,NA
NA,CASRPTGNTEVF,Mouse,Pathogens,Herpes simplex virus 1 (HSV1),D006561,gB(1-613),1,No,Envelope glycoprotein B,P06437,RDAMDRIF,NA,H-2bxH-2z,Lymph Nodes,CD8,NA,NA,NA,NA,TRBV10,NA,TRBJ1-1,No,NA,C57BL/6.bNZW/NZW,10843387,NA
